time,open,high,low,close,EMA 9,EMA 21,EntryMark,TPMark,SLMark,B,A0,A1,A2,A3,ST0,ST1,ST2,ST3,ENTRY,TP,SL,Volume,VolAvg
1706625000,436,436,383.505,394,,,0,0,0,,,,,,0,0,0,0,,,,523.28,
1706711400,354.5,354.5,257,257,,,0,0,0,,,,,,0,0,0,0,,,,1060.6,
1706797800,300,322.63,270,288,,,0,0,0,,,,,,0,0,0,0,,,,523.94,
1706884200,265,309.995,212.5,226.5,,,0,0,0,,,,,,0,0,0,0,,,,1565.5,
1707143400,123.5,151.5,123.5,151.5,,,0,0,0,,,,,,0,0,0,0,,,,2227.18,
1707229800,120,132.995,92,105,,,0,0,0,,,,,,0,0,0,0,,,,4081.7,
1707316200,104,107,85,87.5,,,0,0,0,,,,,,0,0,0,0,,,,9105.3,
1707402600,72.5,74.5,55,58,,,0,0,0,,,,,,0,0,0,0,,,,18030.62,
1707489000,53.5,57,48.005,50,179.72222222222223,,0,0,0,,,,,,0,0,0,0,,,,7673.66,
1707748200,51,57.5,43,45,152.77777777777777,,0,0,0,,,,,,0,0,0,0,,,,13954.74,
1707834600,44.44,44.5,34.55,35,129.22222222222223,,0,0,0,,,,,,0,0,0,0,,,,15992.5,
1707921000,33.6,41.5,33.6,40.5,111.47777777777779,,0,0,0,,,,,,0,0,0,0,,,,13931.82,
1708007400,40,40,34,35,96.18222222222224,,0,0,0,,,,,,0,0,0,0,,,,11769.76,
1708093800,35.26,36.495,33.5,34,83.74577777777779,,0,0,0,,,,,,0,0,0,0,,,,6281.32,
1708439400,35.88,41.13,30,31.35,73.26662222222222,,0,0,0,,,,,,0,0,0,0,,,,32162.72,
1708525800,31,31,23.995,25,63.61329777777778,,0,0,0,,,,,,0,0,0,0,,,,28250.4,
1708612200,24.055,24.4,18.55,20.31,54.95263822222222,,0,0,0,,,,,,0,0,0,0,,,,34004.76,
1708698600,21.75,24.445,20,24.01,48.76411057777778,,0,0,0,,,,,,0,0,0,0,,,,20787.56,
1708957800,27.405,33.86,26.775,33.5,45.71128846222222,,0,0,0,,,,,,0,0,0,0,,,,33389.1,
1709044200,33.5,34.46,27.55,31.785,42.926030769777775,,0,0,0,,,,,,0,0,0,0,,,,13653.56,13448.501
1709130600,31.36,32,27.5,29.675,40.275824615822216,95.36333333333334,0,0,0,,,,,,0,0,0,0,,,,7515.38,13798.106
1709217000,30.445,30.5,25,25.015,37.223659692657776,88.96803030303032,0,0,0,,,,,,0,0,0,0,,,,31230.74,15306.613000000001
1709303400,23.975,24.2,21.55,23.65,34.50892775412622,83.03002754820938,0,0,0,,,,,,0,0,0,0,,,,7921.8,15676.506
1709562600,23.565,26.5,22.5,26.5,32.90714220330098,77.8909341347358,0,0,0,,,,,,0,0,0,0,,,,5217.56,15859.109
1709649000,25.98,29.8825,24.145,27.25,31.775713762640784,73.28721284975983,0,0,0,,,,,,0,0,0,0,,,,6921.3,16093.814999999999
1709735400,28.95,29.245,25.65,27.05,30.830571010112628,69.08382986341802,0,0,0,,,,,,0,0,0,0,,,,7315.6,16255.51
1709821800,30,45,30,36.95,32.0544568080901,66.1625726031073,0,0,0,,,,,,0,0,0,0,,,,52733.58,18436.924000000003
1709908200,37.275,44.75,31.5,38.76,33.395565446472084,63.671429639188446,0,0,0,,,,,,0,0,0,0,,,,36724.66,19371.626
1710163800,42.005,154,41.785,87.5,44.216452357177666,65.83766330835313,0,0,0,,,,,,0,0,0,0,,,,2112352.1,124605.548
1710250200,84.5,84.5,63,72,49.773161885742134,66.39787573486647,0,0,0,,,,,,0,0,0,0,,,,67915.24,127303.573
1710336600,68,76.5,62,62.5,52.318529508593706,66.04352339533315,0,0,0,,,,,,0,0,0,0,,,,25010.2,127754.45800000001
1710423000,44.25,102.5,43.5,65,54.854823606874966,65.94865763212105,0,0,0,,,,,,0,0,0,0,,,,265575.16,140336.625
1710509400,73.5,120,69.75,87,61.283858885499974,67.86241602920096,0,0,0,,,,,,0,0,0,0,,,,504399.04,164968.08899999998
1710768600,162.5,182,130.5,136,76.22708710839999,74.05674184472814,0,0,0,,,,,,0,0,0,0,,,,1812266.76,255267.36099999998
1710855000,136,147,116,146.5,90.28166968672,80.64249258611649,0,0,0,,,,,,0,0,0,0,,,,68682.94,257093.37200000003
1710941400,137,144.15,121.005,135,99.225335749376,85.58408416919681,0,0,0,,,,,,0,0,0,0,,,,26673,257014.502
1711027800,141,154,127.5,154,110.1802685995008,91.80371288108802,0,0,0,,,,,,0,0,0,0,,,,37003.16,257164.42199999993
1711114200,149.5,187.5,140,161.5,120.44421487960065,98.13973898280729,0,0,0,,,,,,0,0,0,0,,,,70406.46,259645.36699999994
1711373400,158,162.5,141.5,145.5,125.45537190368051,102.44521725709754,0,0,0,,,,,,0,0,0,0,,,,16191.6,258785.49199999994
1711459800,142.5,147,126.5,144.5,129.26429752294442,106.26837932463413,0,0,0,,,,,,0,0,0,0,,,,15651.44,258885.38599999994
1711546200,145.5,153,137.5,146,132.61143801835553,109.88034484057648,0,0,0,,,,,,0,0,0,0,,,,8904.1,258954.82199999993
1711632600,145,145.5,131,137.5,133.5891504146844,112.39122258234225,0,0,0,,,,,,0,0,0,0,,,,10156.6,257901.11499999993
1711978200,134,135.5,114.25,122,131.27132033174752,113.26474780212932,0,0,0,,,,,,0,0,0,0,,,,10389.6,258024.50499999995
1712064600,118.5,136.5,115,131,131.217056265398,114.8770434564812,0,0,0,,,,,,0,0,0,0,,,,5733.1,258050.28199999995
1712151000,128,139.5,127.5,134.5,131.8736450123184,116.66094859680109,0,0,0,,,,,,0,0,0,0,,,,5265.3,257967.48199999993
1712237400,137,160,133.5,147.5,134.99891600985472,119.46449872436463,0,0,0,,,,,,0,0,0,0,,,,15162.48,258359.82599999994
1712323800,149,171.5,146.5,167.5,141.49913280788377,123.83136247669512,0,0,0,,,,,,0,0,0,0,,,,17720.38,256609.1659999999
1712583000,167.5,222,167.5,195,152.199306246307,130.30123861517737,0,0,0,114.25,187.5,,,,1,1,1,1,,,,38932.78,256719.57200000007
1712669400,194.5,196,155.5,159,153.5594449970456,132.9102169228885,0,0,0,114.25,187.5,,,,1,1,1,1,,,,12378.88,151720.91100000005
1712755800,157.5,175.495,155.505,161,155.0475559976365,135.46383356626228,0,0,0,114.25,187.5,,,,1,1,1,1,,,,8663.52,148758.32500000004
1712842200,158,162.5,137,150,154.03804479810918,136.7853032420566,0,0,0,114.25,187.5,,,,1,1,1,1,,,,9235.56,147969.59300000005
1712928600,150,154.18,121,138.5,150.93043583848734,136.94118476550602,0,0,0,114.25,187.5,,,,1,1,1,1,,,,8729.56,135127.31300000002
1713187800,136.5,136.5,117.5,122.25,145.19434867078988,135.60562251409638,0,0,0,114.25,187.5,,,,1,1,1,1,,,,7085.38,110261.63000000003
1713274200,115.5,117,108.25,110,138.1554789366319,133.27783864917853,0,0,0,114.25,187.5,,,,1,1,1,1,,,,3469.88,19821.78600000004
1713360600,111,114.5,98.5,99,130.32438314930553,130.1616714992532,0,0,0,114.25,187.5,,,,1,1,1,1,,,,4082.42,16591.760000000042
1713447000,98,101,68,75,119.25950651944443,125.14697409023019,0,0,0,114.25,187.5,,,,1,1,1,1,,,,11091.16,15812.668000000045
1713533400,74,76.5,68.25,70,109.40760521555555,120.13361280930017,0,0,0,114.25,187.5,,,,1,1,1,1,,,,6061.18,14265.569000000043
1713792600,70.5,74.495,66,68.5,101.22608417244444,115.43964800845471,0,0,0,114.25,187.5,,,,1,1,1,1,,,,4823.56,10986.424000000065
1713879000,67.5,80.5,66,76,96.18086733795556,111.85422546223155,0,0,0,114.25,187.5,,,,1,1,1,1,,,,7514,10552.544000000056
1713965400,74.5,101.25,73.5,99,96.74469387036444,110.6856595111196,0,0,0,114.25,187.5,,,,1,1,1,1,,,,17394.92,10639.718000000048
1714051800,98,122.5,88.55,122,101.79575509629156,111.71423591919964,0,0,0,114.25,187.5,,,,1,1,1,1,,,,11735.58,10781.292000000065
1714138200,122,162.5,115,115,104.43660407703325,112.01294174472694,0,0,0,114.25,187.5,,,,1,1,1,1,,,,26127.46,11579.835000000003
1714397400,118.5,145.5,111,120.5,107.6492832616266,112.78449249520631,0,0,0,66,222,,,,1,1,1,1,,,,11032.02,11611.95599999998
1714483800,122,125,103.5,105,107.11942660930129,112.07681135927847,0,0,0,66,222,,,,1,1,1,1,,,,6254.46,11638.023999999958
1714570200,105,150,105,108,107.29554128744103,111.7061921447986,0,0,0,66,222,,,,1,1,1,1,,,,33568.08,13053.162999999975
1714656600,124,124.5,112,122,110.23643302995282,112.64199285890783,0,0,0,66,222,,,,1,1,1,1,,,,8341.2,12712.098999999955
1714743000,121.5,129.995,117.5,120,112.18914642396226,113.31090259900712,0,0,0,66,222,,,,1,1,1,1,,,,3324.84,11992.321999999955
1715002200,118,125.845,118,119,113.55131713916981,113.82809327182466,0,0,0,66,222,,,,1,1,1,1,,,,3022.78,10196.821999999955
1715088600,119,130,116,116,114.04105371133585,114.02553933802241,0,0,0,66,222,,,,1,1,1,1,,,,3610.76,9758.415999999954
1715175000,117.5,125,116.5,121,115.43284296906867,114.65958121638401,0,0,0,66,222,,,,1,1,1,1,,,,3053.92,9477.935999999949
1715261400,122,122.75,114.5,116,115.54627437525494,114.78143746944001,0,0,0,66,222,,,,1,1,1,1,,,,1503.56,9091.335999999961
1715347800,116,123,108.5,111.5,114.73701950020396,114.48312497221819,0,0,0,66,222,,,,1,1,1,1,,,,1980.7,8753.892999999971
1715607000,115,121.5,111.5,120,115.78961560016316,114.9846590656529,0,0,0,66,222,,,,1,1,1,1,,,,2223.9,8510.818999999969
1715693400,115,121.5,114.01,118,116.23169248013053,115.25878096877537,0,0,0,66,222,,,,1,1,1,1,,,,1964.04,8435.52699999997
1715779800,115.5,117,107.5,108,114.58535398410443,114.59889178979579,0,0,0,66,222,,,,1,1,1,1,,,,3002.6,8381.53599999997
1715866200,108.5,112,106.5,110,113.66828318728355,114.18081071799617,0,0,0,66,222,,,,1,1,1,1,,,,1838.24,7918.88999999997
1715952600,113,113,100.5,106.5,112.23462654982684,113.48255519817833,0,0,0,66,222,,,,1,1,1,1,,,,1796.5,7705.655999999969
1716211800,109,109,101,106.5,111.08770123986147,112.84777745288939,0,0,0,66,222,,,,1,1,1,1,,,,1072.08,7518.08199999997
1716298200,105.5,110,105,109,110.67016099188918,112.49797950262672,0,0,0,66,222,,,,1,1,1,1,,,,881.28,7186.44599999997
1716384600,110,117.5,106.5,107,109.93612879351134,111.9981631842061,0,0,0,66,222,,,,1,1,1,1,,,,3499.58,6491.679
1716471000,112.5,112.75,101,103,108.54890303480907,111.18014834927828,0,0,0,66,222,,,,1,1,1,1,,,,1873.66,5998.5830000000005
1716557400,112.5,121,107.5,121,111.03912242784726,112.07286213570752,0,0,0,100.5,162.5,,,,1,1,1,1,,,,5249.72,4954.696000000001
1716903000,125,125,105.5,111,111.0312979422778,111.97532921427957,0,0,0,100.5,162.5,,,,1,1,1,1,,,,3496.12,4577.901000000001
1716989400,108.5,110.5,105.5,107.5,110.32503835382224,111.56848110389052,0,0,0,100.5,162.5,,,,1,1,1,1,,,,1390.56,4334.706
1717075800,112,121,107.5,112,110.66003068305778,111.60771009444592,0,0,0,100.5,162.5,,,,1,1,1,1,,,,2228.38,2767.7210000000005
1717162200,109.5,111.5,102.5,104.5,109.42802454644622,110.96155463131447,0,0,0,100.5,162.5,,,,1,1,1,1,,,,2477.18,2474.5199999999995
1717421400,104,105.5,93.5,100,107.54241963715698,109.96504966483134,0,0,0,100.5,162.5,,,,1,1,1,1,,,,3468.04,2481.6800000000003
1717507800,99.5,104.5,94,103,106.63393570972559,109.33186333166485,0,0,0,100.5,162.5,,,,1,1,1,1,,,,1510.22,2406.052000000001
1717594200,102.5,102.5,94.5,99,105.10714856778047,108.39260302878623,0,0,0,100.5,162.5,,,,1,1,1,1,,,,1483.7,2299.6990000000014
1717680600,99.5,100,91.5,94,102.88571885422438,107.08418457162384,0,0,0,100.5,162.5,,,,1,1,1,1,,,,1496.9,2221.8480000000022
1717767000,92.5,92.5,86,87,99.7085750833795,105.25834961056712,0,0,0,100.5,162.5,,,,1,1,1,1,,,,1914.62,2242.4010000000017
1718026200,85.5,85.5,67.505,70.5,93.8668600667036,102.09849964597011,0,0,0,100.5,162.5,,,,1,1,1,1,,,,4944.84,2390.608000000001
1718112600,70.5,102.495,70.5,89,92.89348805336287,100.90772695088192,0,0,0,100.5,162.5,,,,1,1,1,1,,,,16949.8,3126.9030000000002
1718199000,89,99,85,90.5,92.4147904426903,99.9615699553472,0,0,0,100.5,162.5,,,,1,1,1,1,,,,5091.88,3283.295000000001
1718285400,88.5,98.5,88,94.5,92.83183235415224,99.46506359577019,0,0,0,100.5,162.5,,,,1,1,1,1,,,,3334.88,3299.909000000001
1718371800,96,110.5,93,106,95.4654658833218,100.05914872342744,0,0,0,100.5,162.5,,,,1,1,1,1,,,,5297.82,3472.8880000000004
1718631000,102,106,91.75,96.5,95.67237270665744,99.7355897485704,0,0,0,67.505,162.5,,,,1,1,1,1,,,,4297.66,3597.946
1718717400,28.1,43.81,26.88,34.4,83.41789816532595,93.79599068051854,0,0,0,67.505,162.5,,,,1,1,1,1,,,,327215.98,19905.140999999996
1718890200,32.5,32.5,26.625,28.505,72.43531853226077,87.86044607319867,0,0,0,67.505,162.5,,,,1,1,1,1,,,,53436.34,22532.893999999997
1718976600,29.115,29.45,25.365,26.5,63.248254825808615,82.28222370290788,0,0,0,67.505,162.5,,,,1,1,1,1,,,,32683.86,23992.107999999997
1719235800,26.595,27.61,25,26.005,55.79960386064689,77.16611245718899,0,0,0,67.505,162.5,,,,1,1,1,1,,,,21098.18,24953.333999999995
1719322200,25.98,26.125,23.4,24.355,49.51068308851751,72.36510223380817,0,0,0,67.505,162.5,,,,1,1,1,1,,,,19282.46,25654.970999999998
1719408600,24.355,24.355,23.0505,23.695,44.34754647081401,67.94054748528016,0,0,0,67.505,162.5,,,,1,1,1,1,,,,14510.16,26205.673
1719495000,23.915,23.915,20.64,22,39.878037176651205,63.76413407752742,0,0,0,67.505,162.5,,,,1,1,1,1,,,,19014.32,27086.860999999997
1719581400,22.455,29,21,27.5,37.402429741320965,60.46739461593402,0,0,0,67.505,162.5,,,,1,1,1,1,,,,43765.54,29163.718999999994
1719840600,26.25,29.605,24.49,25,34.92194379305677,57.24308601448547,0,0,0,67.505,162.5,,,,1,1,1,1,,,,26119.44,30345.831999999995
1719927000,24.95,24.95,23.53,23.585,32.654555034445416,54.183260013168606,0,0,0,67.505,162.5,,,,1,1,1,1,,,,12126.96,30778.778
1720013400,18.69,23,18.495,22.405,30.604644027556333,51.29432728469873,0,0,0,67.505,162.5,,,,1,1,1,1,,,,60211.98,33713.865999999995
1720186200,21,23.885,21,23.245,29.132715222045068,48.74438844063521,0,0,0,67.505,162.5,,,,1,1,1,1,,,,17972.42,34538.301999999996
1720445400,23.02,23.655,22.23,22.6,27.826172177636053,46.367625855122924,0,0,0,67.505,162.5,,,,1,1,1,1,,,,13208.44,35123.879
1720531800,22.5,23.635,21.95,22.45,26.750937742108842,44.19329623192993,0,0,0,67.505,162.5,,,,1,1,1,1,,,,12609.68,35658.632
1720618200,21.55,22.35,20.32,21.21,25.642750193687075,42.10390566539084,0,0,0,67.505,162.5,,,,1,1,1,1,,,,17916.6,36307.219999999994
1720704600,21.205,22.395,20.745,21.455,24.80520015494966,40.22673242308258,0,0,0,18.495,110.5,162.5,222,,1,1,1,1,,,,9833.16,35951.38799999999
1720791000,21.495,23.005,21.075,22.745,24.393160123959728,38.63748402098416,0,0,0,18.495,110.5,162.5,222,,1,1,1,1,,,,10965.12,36245.049999999996
1721050200,23,23.5,21.5,22,23.914528099167782,37.12498547362196,0,0,0,18.495,110.5,162.5,222,,1,1,1,1,,,,5412.5,36348.931
1721136600,21.995,23.99,21.975,23.315,23.794622479334226,35.86953224874724,0,0,0,18.495,110.5,162.5,222,,1,1,1,1,,,,8627.78,36515.429
1721223000,22.975,23.09,21.92,22.21,23.47769798346738,34.62775658977022,0,0,0,18.495,110.5,162.5,222,,1,1,1,1,,,,6676.18,36634.354999999996
1721309400,22.65,22.765,21.72,22.5,23.282158386773904,33.525233263427474,0,0,0,18.495,110.5,162.5,222,,1,1,1,1,,,,7720.44,20659.578
1721395800,22.5,22.575,21.075,21.26,22.877726709419125,32.41021205766134,0,0,0,18.495,110.5,162.5,222,,1,1,1,1,,,,4933.4,18234.431
1721655000,21.9,22.30015,21,21.73,22.6481813675353,31.439283688783036,0,0,0,18.495,110.5,162.5,222,,1,1,1,1,,,,4806.36,16840.555999999997
1721741400,21,22.75,20.975,22.2,22.55854509402824,30.599348807984576,0,0,0,18.495,110.5,162.5,222,,1,1,1,1,,,,15324.82,16551.888
1721827800,22.295,22.3,21.075,21.485,22.34383607522259,29.770771643622343,0,0,0,18.495,110.5,162.5,222,,1,1,1,1,,,,3965.7,15786.05
1721914200,21.2,21.48,20.155,20.45,21.96506886017807,28.9234287669294,0,0,0,18.495,110.5,162.5,222,,1,1,1,1,,,,5714.28,15346.256
1722000600,20.91,22.12,20.5,21.5,21.872055088142456,28.248571606299457,0,0,0,18.495,110.5,162.5,222,,1,1,1,1,,,,8077.8,14799.429999999998
1722259800,21.75,21.75,19.885,20.525,21.602644070513964,27.546428732999505,0,0,0,18.495,110.5,162.5,222,,1,1,1,1,,,,5478.38,12885.072000000002
1722346200,20.91,20.91,19.75,20.01,21.284115256411173,26.86129884818137,0,0,0,18.495,110.5,162.5,222,,1,1,1,1,,,,4440.64,11801.132000000001
1722432600,20.105,20.835,19.75,20.65,21.15729220512894,26.29663531652852,0,0,0,18.495,110.5,162.5,222,,1,1,1,1,,,,4918.54,11440.711000000005
1722519000,20.75,21.295,20,20.915,21.108833764103153,25.807395742298652,0,0,0,18.495,110.5,162.5,222,,1,1,1,1,,,,3437.02,8601.963000000007
1722605400,20.5,20.605,18.785,20.055,20.89806701128252,25.284450674816956,0,0,0,18.495,110.5,162.5,222,,1,1,1,1,,,,3956.46,7901.165000000004
1722864600,18,19.995,17.505,19.53,20.624453609026016,24.76131879528814,0,0,0,18.495,110.5,162.5,222,,1,1,1,1,,,,7584.64,7619.975000000003
1722951000,20.31,20.58,18.705,18.995,20.298562887220815,24.237107995716492,0,0,0,18.495,110.5,162.5,222,,1,1,1,1,,,,5277.88,7253.385000000004
1723037400,19,19.75,18.73,18.73,19.98485030977665,23.736461814287722,0,0,0,18.495,110.5,162.5,222,,1,1,1,1,,,,1975.28,6456.319000000004
1723123800,19.475,19.475,18,18.74,19.73588024782132,23.282238012988838,0,0,0,18.495,110.5,162.5,222,,1,1,1,1,,,,3599.24,6144.623
1723210200,18.83,19.1175,17.51,18.36,19.460704198257055,22.83476182998985,0,0,0,18.495,110.5,162.5,222,,1,1,1,1,,,,6237.64,5908.248999999998
1723469400,17.82,17.97,17,17.295,19.027563358605644,22.33114711817259,0,0,0,18.495,110.5,162.5,222,,1,1,1,1,,,,6288.66,5952.056999999995
1723555800,17.985,17.985,17.18,17.545,18.731050686884515,21.896042834702357,0,0,0,18.495,110.5,162.5,222,,1,1,1,1,,,,13206.24,6180.979999999995
1723642200,17.55,17.55,16.745,17,18.38484054950761,21.450948031547597,0,0,0,18.495,110.5,162.5,222,,1,1,1,1,,,,3592.46,6026.793999999993
1723728600,17.05,17.05,15.51,16.25,17.95787243960609,20.978134574134177,0,0,0,18.495,110.5,162.5,222,,1,1,1,1,,,,13626.04,6322.073999999993
1723815000,16.32,16.32,15.1,15.34,17.434297951684872,20.465576885576525,0,0,0,18.495,110.5,162.5,222,,1,1,1,1,,,,6036.62,6377.234999999993
1724074200,15,15.295,13.5,15.155,16.978438361347898,19.982797168705932,0,0,0,18.495,110.5,162.5,222,,1,1,1,1,,,,14504.84,6862.1590000000015
1724160600,15.38,20.3,15.165,17.5,17.082750689078317,19.757088335187213,0,0,0,18.495,110.5,162.5,222,,1,1,1,1,,,,593277.76,35759.806
1724247000,16.75,18.25,15.75,16.765,17.019200551262653,19.48508030471565,0,0,0,18.495,110.5,162.5,222,,1,1,1,1,,,,30279.8,37075.511
1724333400,16.98,22.2,16.25,19.82,17.579360441010124,19.5155275497415,0,0,0,18.495,110.5,162.5,222,,1,1,1,1,,,,59459.28,39762.761
1724419800,18.975,21.9,18.34,21,18.2634883528081,19.65047959067409,0,0,0,18.495,110.5,162.5,222,,1,1,1,1,,,,23401.74,40528.958
1724679000,21.365,21.75,19.115,20.635,18.73779068224648,19.739981446067357,0,0,0,13.5,23.99,110.5,162.5,222,1,1,1,1,,,,9657.58,40737.918
1724765400,20.75,20.75,19.565,20,18.990232545797184,19.76361949642487,0,0,0,13.5,23.99,110.5,162.5,222,1,1,1,1,,,,4893.16,40760.544
1724851800,19.875,20.6,17.125,18,18.792186036637748,19.603290451295337,0,0,0,13.5,23.99,110.5,162.5,222,1,1,1,1,,,,10813.42,41055.288
1724938200,17.55,18.5,16,16.37,18.3077488293102,19.309354955723034,0,0,0,13.5,23.99,110.5,162.5,222,1,1,1,1,,,,6466.2,41206.746999999996
1725024600,16.1,17,16,16.215,17.88919906344816,19.028049959748213,0,0,0,13.5,23.99,110.5,162.5,222,1,1,1,1,,,,11813.42,41599.595
1725370200,16.065,16.86,15.3,15.635,17.438359250758527,18.719590872498376,0,0,0,13.5,23.99,110.5,162.5,222,1,1,1,1,,,,4275.02,41434.114
1725456600,15.85,16.195,15.09,15.78,17.106687400606823,18.452355338634888,0,0,0,13.5,23.99,110.5,162.5,222,1,1,1,1,,,,5390.68,41439.754
1725543000,15.305,16.48,15.25,16,16.88534992048546,18.229413944213533,0,0,0,13.5,23.99,110.5,162.5,222,1,1,1,1,,,,2026.34,41442.307
1725629400,16.04,16.15,15,15.865,16.681279936388368,18.014467222012303,0,0,0,13.5,23.99,110.5,162.5,222,1,1,1,1,,,,3031.3,41413.909999999996
1725888600,15.925,18.955,15.505,18.045,16.954023949110695,18.017242929102093,0,0,0,13.5,23.99,110.5,162.5,222,1,1,1,1,,,,3284.76,41266.265999999996
1725975000,18.7,18.85,16.93,18.31,17.225219159288557,18.04385720827463,0,0,0,13.5,23.99,110.5,162.5,222,1,1,1,1,,,,8648.98,41384.282
1726061400,18.435,19.31,17.82,18.905,17.561175327430846,18.1221429166133,0,0,0,13.5,23.99,110.5,162.5,222,1,1,1,1,,,,4053.24,40926.632
1726147800,18.5,18.935,17.105,17.28,17.504940261944675,18.045584469648453,0,0,0,13.5,23.99,110.5,162.5,222,1,1,1,1,,,,2558.58,40874.938
1726234200,17.15,18.75,17.105,18.5,17.70395220955574,18.086894972407684,0,0,0,13.5,23.99,110.5,162.5,222,1,1,1,1,,,,2588.06,40323.039000000004
1726493400,18.515,19.5,16.5,17.53,17.669161767644592,18.03626815673426,0,0,0,13.5,23.99,110.5,162.5,222,1,1,1,1,,,,9959.54,40519.185
1726579800,18.42,18.5,17.185,17.8,17.695329414115673,18.01478923339478,0,0,0,13.5,23.99,110.5,162.5,222,1,1,1,1,,,,2268.28,39907.357
1726666200,17.8,17.8,16.605,16.625,17.481263531292537,17.888444757631618,0,0,0,13.5,23.99,110.5,162.5,222,1,1,1,1,,,,3387.76,10412.857
1726752600,17.455,18.495,16.68,17.69,17.52301082503403,17.87040432511965,0,0,0,13.5,23.99,110.5,162.5,222,1,1,1,1,,,,3143.18,9056.026000000002
1726839000,18.3,18.925,17.7,18.175,17.653408660027225,17.898094841017866,0,0,0,13.5,23.99,110.5,162.5,222,1,1,1,1,,,,5586.06,6362.365
1727098200,18.175,19.6225,17.565,18.285,17.77972692802178,17.93326803728897,0,0,0,13.5,23.99,110.5,162.5,222,1,1,1,1,,,,13191.3,5851.842999999998
1727184600,18.3,18.9,18.035,18.035,17.830781542417423,17.942516397535424,0,0,0,13.5,23.99,110.5,162.5,222,1,1,1,1,,,,2667.94,5502.360999999995
1727271000,18.85,18.85,18,18.245,17.91362523393394,17.970014906850388,0,0,0,13.5,23.99,110.5,162.5,222,1,1,1,1,,,,3822.42,5448.823999999996
1727357400,18.25,18.85,17.575,18.295,17.98990018714715,17.999559006227624,0,0,0,13.5,23.99,110.5,162.5,222,1,1,1,1,,,,3544.7,5085.387999999995
1727443800,18.655,18.655,17.5,17.875,17.96692014971772,17.98823546020693,0,0,0,13.5,23.99,110.5,162.5,222,1,1,1,1,,,,2377.8,4880.967999999995
1727703000,18.4,18.755,17.565,18.45,18.063536119774174,18.030214054733573,0,0,0,13.5,23.99,110.5,162.5,222,1,1,1,1,,,,2636.52,4422.122999999994
1727789400,18.245,18.48,17.76,18.195,18.089828895819338,18.04519459521234,0,0,0,13.5,23.99,110.5,162.5,222,1,1,1,1,,,,956.64,4256.203999999995
1727875800,18.195,18.7,17.54,17.72,18.01586311665547,18.015631450193037,0,0,0,13.5,23.99,110.5,162.5,222,1,1,1,1,,,,2237.96,4098.567999999997
1727962200,17.72,18.49,17.25,18.27,18.066690493324376,18.03875586381185,0,0,0,13.5,23.99,110.5,162.5,222,1,1,1,1,,,,2263.6,4110.430999999994
1728048600,17.55,18.605,17.55,18.475,18.1483523946595,18.078414421647135,0,0,0,13.5,23.99,110.5,162.5,222,1,1,1,1,,,,4521.92,4184.961999999996
1728307800,18.375,18.935,18.375,18.625,18.2436819157276,18.128104019679213,0,0,0,13.5,23.99,110.5,162.5,222,1,1,1,1,,,,2899.6,4165.703999999992
1728394200,18.275,18.5,17.4,17.83,18.16094553258208,18.10100365425383,0,0,0,13.5,23.99,110.5,162.5,222,1,1,1,1,,,,3217.98,3894.153999999996
1728480600,17.5,18.26,17.5,17.785,18.085756426065664,18.072276049321665,0,0,0,13.5,23.99,110.5,162.5,222,1,1,1,1,,,,1976.42,3790.3129999999974
1728567000,17.5,17.815,17.055,17.55,17.978605140852533,18.02479640847424,0,0,0,13.5,23.99,110.5,162.5,222,1,1,1,1,,,,2677.9,3796.278999999995
1728653400,17.1,17.77,17.09,17.555,17.893884112682027,17.98208764406749,0,0,0,13.5,23.99,110.5,162.5,222,1,1,1,1,,,,2361.68,3784.9599999999946
1728912600,17.555,18.155,17.055,18.03,17.92110729014562,17.986443312788627,0,0,0,13.5,23.99,110.5,162.5,222,1,1,1,1,,,,1167.66,3345.3659999999923
1728999000,17.49,17.91,17.195,17.73,17.882885832116497,17.963130284353298,0,0,0,13.5,23.99,110.5,162.5,222,1,1,1,1,,,,2266.84,3345.2939999999994
1729085400,17.73,17.995,16.895,17.995,17.905308665693198,17.96602753123027,0,0,0,13.5,23.99,110.5,162.5,222,1,1,1,1,,,,1423.34,3247.0729999999994
1729171800,17.15,18.25,17.125,17.91,17.90624693255456,17.960934119300248,0,0,0,13.5,23.99,110.5,162.5,222,1,1,1,1,,,,1002.26,3140.026999999999
1729258200,17.91,18.475,17.25505,18.215,17.967997546043648,17.98403101754568,0,0,0,13.5,23.99,110.5,162.5,222,1,1,1,1,,,,2421.92,2981.8199999999993
1729517400,18.215,18.215,17.405,17.855,17.94539803683492,17.972300925041527,0,0,0,13.5,23.99,110.5,162.5,222,1,1,1,1,,,,1342.16,2389.3630000000003
1729603800,18.205,18.855,17.52,18.38,18.032318429467935,18.009364477310477,0,0,0,13.5,23.99,110.5,162.5,222,1,1,1,1,,,,3285,2420.216
1729690200,18.01,18.83,17.91,18.24,18.073854743574348,18.030331343009525,0,0,0,13.5,23.99,110.5,162.5,222,1,1,1,1,,,,1944.76,2326.3329999999996
1729776600,18.055,18.65,17.77,18.55,18.16908379485948,18.077573948190476,0,0,0,13.5,23.99,110.5,162.5,222,1,1,1,1,,,,11350.28,2716.6119999999996
1729863000,19.75,22.79,18.165,18.175,18.170267035887584,18.086430861991342,0,0,0,13.5,23.99,110.5,162.5,222,1,1,1,1,,,,33262.1,4260.827000000001
1730122200,18.175,19.175,17.9,18.8,18.296213628710067,18.151300783628493,0,0,0,13.5,23.99,110.5,162.5,222,1,1,1,1,,,,5739.5,4415.976000000001
1730208600,18.8,20,18.115,19.8,18.596970902968053,18.301182530571356,0,0,0,13.5,23.99,110.5,162.5,222,1,1,1,1,,,,10406.78,4888.483000000002
1730295000,32.86,34.45,22.6,23.565,19.590576722374443,18.779711391428506,0,0,0,13.5,23.99,110.5,162.5,222,1,1,1,1,,,,5011951.44,255374.15699999998
1730381400,20.08,25.25,20,24.115,20.495461377899556,19.264737628571368,0,0,0,13.5,23.99,110.5,162.5,222,1,1,1,1,,,,258198.02,268170.87799999997
1730467800,24,24,20.86,21.495,20.695369102319646,19.4674887532467,0,0,0,13.5,23.99,110.5,162.5,222,1,1,1,1,,,,89548.2,272422.192
1730730600,20.5,20.75,17.13,18.275,20.211295281855715,19.359080684769726,0,0,0,13.5,23.99,110.5,162.5,222,1,1,1,1,,,,69412.44,275747.834
1730817000,18.275,21,17.75,19.995,20.168036225484574,19.41689153160884,0,0,0,13.5,23.99,110.5,162.5,222,1,1,1,1,,,,55579.84,278365.927
1730903400,19,20.485,18.835,19.175,19.969428980387658,19.394901392371672,0,0,0,13.5,23.99,110.5,162.5,222,1,1,1,1,,,,32370.64,279885.638
1730989800,20,20.25,17,17,19.375543184310125,19.177183083974246,0,0,0,13.5,23.99,110.5,162.5,222,1,1,1,1,,,,42199.68,281861.727
1731076200,17,18.3,17,17.595,19.0194345474481,19.033348258158405,0,0,0,13.5,23.99,110.5,162.5,222,1,1,1,1,,,,27567.76,283122.03099999996
1731335400,17.855,18,16.395,17.22,18.65954763795848,18.86849841650764,0,0,0,13.5,23.99,110.5,162.5,222,1,1,1,1,,,,41446.74,285135.985
1731421800,17,17.075,15.755,16.5,18.227638110366783,18.65318037864331,0,0,0,13.5,23.99,110.5,162.5,222,1,1,1,1,,,,34421.56,286743.721
1731508200,16.015,21.5,15.645,19,18.382110488293428,18.68470943513028,0,0,0,13.5,23.99,110.5,162.5,222,1,1,1,1,,,,104215.94,291883.351
1731594600,18.675,21.32,17.035,17.5,18.20568839063474,18.577008577391165,0,0,0,13.5,23.99,110.5,162.5,222,1,1,1,1,,,,61642.88,294915.38200000004
1731681000,21.935,26,19,22.51,19.066550712507794,18.934553252173785,1,0,0,13.5,23.99,110.5,162.5,222,2,1,1,1,1,,,2800434.98,434816.035
1731940200,20.74,27.505,20.255,25.47,20.347240570006235,19.52868477470344,0,1,0,13.5,23.99,110.5,162.5,222,3,1,1,1,,1,,252690.54,447383.454
1732026600,26,33,25.155,31.755,22.628792456004987,20.640167977003127,0,0,0,13.5,23.99,110.5,162.5,222,3,1,1,1,,,,180842.9,456261.34900000005
1732113000,27.78,29.45,22.55,25.555,23.21403396480399,21.086970888184663,0,0,0,15.645,34.45,,,,1,1,1,1,,,,125506.7,462439.446
1732199400,23.4,25,21.55,22.205,23.01222717184319,21.188609898349693,0,0,0,15.645,34.45,,,,1,1,1,1,,,,58147.5,464779.30700000003
1732285800,21,21.725,18,19.225,22.254781737474552,21.01009990759063,0,0,0,15.645,34.45,,,,1,1,1,1,,,,58403.64,466036.38399999996
1732545000,19,23.21,19,21.875,22.178825389979643,21.088727188718753,0,0,0,15.645,34.45,,,,1,1,1,1,,,,99312.56,470715.037
1732631400,21.445,25,21.26,22.61,22.265060311983714,21.22702471701705,0,0,0,15.645,34.45,,,,1,1,1,1,,,,52648.84,472827.14
1732717800,22.245,24.5,21,21.475,22.10704824958697,21.249567924560953,0,0,0,15.645,34.45,,,,1,1,1,1,,,,28565.24,223657.83
1732890600,22,22.085,19.73,20.385,21.762638599669575,21.17097084050996,0,0,0,15.645,34.45,,,,1,1,1,1,,,,22285.7,211862.21399999998
1733149800,20.57,22.795,19.895,21,21.61011087973566,21.155428036827235,0,0,0,18,33,,,,1,1,1,1,,,,32635.52,209016.58
1733236200,20.365,21.6,19.975,20.73,21.43408870378853,21.116752760752032,0,0,0,18,33,,,,1,1,1,1,,,,22386.86,206665.30099999998
1733322600,21.5,23.25,21,22.18,21.583270963030824,21.213411600683667,0,0,0,18,33,,,,1,1,1,1,,,,25906.9,205181.65399999995
1733409000,21.515,22.58,20.56,21,21.466616770424658,21.19401054607606,0,0,0,18,33,,,,1,1,1,1,,,,19738.2,204550.03199999995
1733495400,20.59,21.995,20.13,21.32,21.437293416339728,21.20546413279642,0,0,0,18,33,,,,1,1,1,1,,,,19832.9,203431.6929999999
1733754600,22,22.195,20.695,21.14,21.377834733071783,21.199512847996743,0,0,0,18,33,,,,1,1,1,1,,,,13356.22,202721.1159999999
1733841000,21.19,22.15,20.56,21.26,21.354267786457427,21.20501167999704,0,0,0,18,33,,,,1,1,1,1,,,,19868.8,201642.2189999999
1733927400,21.125,21.90995,20.68,20.95,21.27341422916594,21.18182879999731,0,0,0,18,33,,,,1,1,1,1,,,,12047.78,200523.5299999999
1734013800,20.585,21.2803,19.85,20.35,21.088731383332753,21.106207999997554,0,0,0,18,33,,,,1,1,1,1,,,,15945.6,196110.01299999992
1734100200,20,21.09,20,20.5,20.970985106666202,21.05109818181596,0,0,0,18,33,,,,1,1,1,1,,,,14132.4,193734.48899999988
1734359400,20.325,22.495,20.225,21.44,21.06478808533296,21.08645289255996,0,0,0,18,33,,,,1,1,1,1,,,,27323.12,55078.89599999988
1734445800,21.345,22.165,20.27,20.365,20.924830468266368,21.0208662659636,0,0,0,18,33,,,,1,1,1,1,,,,20953.92,43492.064999999915
1734532200,20.67,21.835,20.135,20.325,20.804864374613093,20.957605696330546,0,0,0,18,33,,,,1,1,1,1,,,,27799.12,35839.87599999991
1734618600,21.125,21.4,19.515,19.625,20.568891499690473,20.83645972393686,0,0,0,18,33,,,,1,1,1,1,,,,25553.44,30842.21299999993
1734705000,19.315,19.98,18,18.84,20.22311319975238,20.654963385397146,0,0,0,18,33,,,,1,1,1,1,,,,79740,31921.837999999952
1734964200,19.785,20,18.9,20,20.178490559801904,20.59542125945195,0,0,0,18,33,,,,1,1,1,1,,,,17313.48,29867.329999999994
1735050600,20,22.5,18.525,21.9,20.522792447841525,20.7140193267745,0,0,0,18,33,,,,1,1,1,1,,,,33038.58,26553.631
1735223400,21.49,23.995,20.5,20.775,20.57323395827322,20.719563024340456,0,0,0,18,33,,,,1,1,1,1,,,,43229.34,26082.656000000035
1735309800,27.35,46.5,24.61,35.06,23.47058716661858,22.023239113036777,1,0,0,18,33,,,,2,1,1,1,1,,,1490337.06,99171.247
1735569000,46.49,55,39,40.5,26.87646973329486,23.70294464821525,0,1,0,18,33,,,,3,1,1,1,,1,,861235.36,141118.73000000004
1735655400,44.95,44.975,25.94,34.835,28.46817578663589,24.714949680195684,0,0,0,18,33,,,,3,1,1,1,,,,265822.96,152778.102
1735828200,37.715,44.495,33.005,40.175,30.80954062930871,26.120408800177895,0,0,0,18,33,,,,3,1,1,1,,,,172245.52,160271.03500000003
1735914600,38.05,42.14,35.59,38.52,32.35163250344697,27.247644363798088,0,0,0,18,33,,,,3,1,1,1,,,,137022.12,165826.79600000003
1736173800,38.75,38.995,33.09,33.675,32.616306002757575,27.831949421634626,0,0,0,18,33,,,,3,1,1,1,,,,107139.4,170196.85600000003
1736260200,33.69,34.92495,27.5,29.165,31.92604480220606,27.95313583784966,0,0,0,18,33,,,,3,1,1,1,,,,75270.7,172968.74600000004
1736346600,26.51,30.64,23.03,25.26,30.59283584176485,27.708305307136055,0,0,0,18,33,,,,3,1,1,1,,,,62101.64,175406.01700000005
1736519400,25.245,31.44,25,28.84,30.24226867341188,27.81118664285096,0,0,0,18,33,,,,3,1,1,1,,,,44240.48,176624.60100000005
1736778600,26.57,27.795,22.61,25.025,29.1988149387295,27.557896948046327,0,0,0,18,33,,,,3,1,1,1,,,,40854.74,178064.94900000005
1736865000,25.72,27.46,24.41,25.18,28.3950519509836,27.341724498223932,0,0,0,18,33,,,,3,1,1,1,,,,14945.26,178014.93200000006
1736951400,24.8,25.92995,23.035,24.7,27.65604156078688,27.10156772565812,0,0,0,18,33,,,,3,1,1,1,,,,26543.16,178635.47000000003
1737037800,23.74,24.275,22.715,23.4,26.804833248629503,26.76506156878011,0,0,0,18,33,,,,3,1,1,1,,,,20118.06,178275.21700000003
1737124200,23.455,23.455,22.1,22.3,25.9038665989036,26.35914688070919,0,0,0,18,33,,,,3,1,1,1,,,,20287.96,178241.91900000005
1737469800,21.255,23.07,20.06,22.965,25.31609327912288,26.05058807337199,0,0,0,18,33,,,,3,1,1,1,,,,22391.9,177971.55800000005
1737556200,22.475,24.345,21.5,21.73,24.598874623298304,25.657807339429084,0,0,0,18,33,,,,3,1,1,1,,,,21835.82,177785.67700000005
1737642600,21.905,25.81,21.55,24,24.47909969863864,25.507097581299167,0,0,0,18,33,,,,3,1,1,1,,,,28848.34,175241.09400000004
1737729000,25.505,26.25,23.155,23.67,24.317279758910914,25.34008871027197,0,0,0,18,33,,,,3,1,1,1,,,,14448.08,175097.82400000005
1737988200,22.25,23.495,21.035,21.265,23.706823807128732,24.969626100247247,0,0,0,18,33,,,,3,1,1,1,,,,18066.66,174349.228
1738074600,21.95,21.95,20.5,20.5,23.065459045702987,24.563296454770224,0,0,0,20.06,55,,,,1,1,1,1,,,,10367.06,172706.114
1738161000,21.2,21.26,19.66,20.535,22.55936723656239,24.19708768615475,0,0,0,20.06,55,,,,1,1,1,1,,,,20750.42,99226.78199999999
1738247400,20.47,22,19.59,20.5,22.147493789249914,23.860988805595227,0,0,0,20.06,55,,,,1,1,1,1,,,,11180.24,56724.026
1738333800,20.5,20.69,18.885,19.1,21.53799503139993,23.428171641450206,0,0,0,20.06,55,,,,1,1,1,1,,,,16754.74,44270.61499999999
1738593000,18.5,21,18.5,19.505,21.131396025119944,23.071519674045643,0,0,0,20.06,55,,,,1,1,1,1,,,,19173.74,36617.026
1738679400,20.25,23.075,20.175,23,21.505116820095957,23.06501788549604,0,0,0,20.06,55,,,,1,1,1,1,,,,516227.24,55577.28200000001
1738765800,21.055,22.5,20.5,21.04,21.412093456076764,22.880925350450944,0,0,0,20.06,55,,,,1,1,1,1,,,,30122.38,51726.43100000001
1738852200,20.645,21.345,19.65,20.78,21.28567476486141,22.689932136773585,0,0,0,20.06,55,,,,1,1,1,1,,,,18370,48881.39600000001
1738938600,20.5,21.6,19.715,20.235,21.07553981188913,22.466756487975985,0,0,0,20.06,55,,,,1,1,1,1,,,,17610.92,46656.86
1739197800,20.305,20.985,19.415,19.9,20.840431849511305,22.23341498906908,0,0,0,18.5,26.25,55,,,1,1,1,1,,,,17985.76,45344.124
1739284200,20.5,20.5,19.2,19.68,20.608345479609042,22.00128635369916,0,0,0,18.5,26.25,55,,,1,1,1,1,,,,36623.4,45132.557
1739370600,20.5,20.5,18.925,20.05,20.496676383687234,21.823896685181055,0,0,0,18.5,26.25,55,,,1,1,1,1,,,,25318.32,45651.21000000001
1739457000,20.5,21.5,19.62,21.5,20.697341106949786,21.794451531982777,0,0,0,18.5,26.25,55,,,1,1,1,1,,,,17684.9,45208.29700000002
1739543400,21.75,22,20.655,22,20.95787288555983,21.813137756347977,0,0,0,18.5,26.25,55,,,1,1,1,1,,,,12497.24,44827.25600000001
1739889000,21.99,21.99,20.19,20.98,20.962298308447863,21.737397960316343,0,0,0,18.5,26.25,55,,,1,1,1,1,,,,9700.36,44297.876000000004
1739975400,21,21,19.75,20.41,20.851838646758292,21.616725418469404,0,0,0,18.5,26.25,55,,,1,1,1,1,,,,12909.94,43823.77800000001
1740061800,20.23,20.495,19.25,20.245,20.730470917406635,21.49202310769946,0,0,0,18.5,26.25,55,,,1,1,1,1,,,,15122.86,43488.13000000002
1740148200,20,20.085,19.3,19.565,20.497376733925307,21.316839188817692,0,0,0,18.5,26.25,55,,,1,1,1,1,,,,10079.1,42549.66800000002
1740407400,19.5,19.75,17.565,17.83,19.963901387140247,20.999853808016084,0,0,0,18.5,26.25,55,,,1,1,1,1,,,,21486.42,42901.58500000001
1740493800,17.67,18.47,17.5,18.2,19.611121109712197,20.745321643650986,0,0,0,18.5,26.25,55,,,1,1,1,1,,,,12722.98,42634.401000000005
1740580200,18,18.14495,16.65,17.41,19.170896887769757,20.44211058513726,0,0,0,18.5,26.25,55,,,1,1,1,1,,,,16338.76,42932.98600000002
1740666600,17.475,17.475,15.06,15.5,18.436717510215807,19.992827804670238,0,0,0,18.5,26.25,55,,,1,1,1,1,,,,22714.64,43031.197000000015
1740753000,15.5,16.85,15,16.85,18.119374008172645,19.707116186063853,0,0,0,18.5,26.25,55,,,1,1,1,1,,,,17926.98,43368.534000000014
1741012200,16.7,16.865,15.01,15.065,17.508499206538115,19.285105623694413,0,0,0,18.5,26.25,55,,,1,1,1,1,,,,13671.44,43214.36900000002
1741098600,12,12,7.65,8.165,15.639799365230491,18.274186930631284,0,0,0,18.5,26.25,55,,,1,1,1,1,,,,219715.86,53241.47500000002
1741185000,8.11,8.81,8.005,8.06,14.123839492184393,17.345624482392076,0,0,0,18.5,26.25,55,,,1,1,1,1,,,,52328.56,30046.54100000002
1741271400,7.35,7.5,5.805,6.565,12.612071593747515,16.365567711265523,0,0,0,18.5,26.25,55,,,1,1,1,1,,,,261520.94,41616.46900000003
1741357800,6.5,7.09,6.175,6.905,11.470657274998013,15.505516101150477,0,0,0,18.5,26.25,55,,,1,1,1,1,,,,127816.06,47088.77200000002
1741613400,6.735,6.82,6.19,6.485,10.473525819998411,14.68546918286407,0,0,0,18.5,26.25,55,,,1,1,1,1,,,,69779.58,49697.20500000003
1741699800,6.47,6.5,5.875,6.305,9.63982065599873,13.923608348058245,0,0,0,18.5,26.25,55,,,1,1,1,1,,,,176869.84,57641.40900000003
1741786200,9.35,12.24,7.84,8.525,9.416856524798984,13.43282577096204,0,0,0,18.5,26.25,55,,,1,1,1,1,,,,11693969.2,640508.6989999999
1741872600,7.26,7.735,6.545,7.53,9.039485219839188,12.896205246329128,0,0,0,5.805,26.25,55,110.5,162.5,1,1,1,1,,,,406445.96,659565.081
1741959000,6.96,7.795,6.785,7.26,8.68358817587135,12.383822951208298,0,0,0,5.805,26.25,55,110.5,162.5,1,1,1,1,,,,192254.88,668293.5799999998
1742218200,7.2,7.695,6.53,6.905,8.32787054069708,11.88574813746209,0,0,0,5.805,26.25,55,110.5,162.5,1,1,1,1,,,,154933.94,675415.4149999999
1742304600,6.835,7.5,6.425,7.285,8.119296432557665,11.467498306783718,0,0,0,5.805,26.25,55,110.5,162.5,1,1,1,1,,,,125328.38,681196.8159999999
1742391000,7.25,9.935,7.065,7.79,8.053437146046132,11.133180278894288,0,0,0,5.805,26.25,55,110.5,162.5,1,1,1,1,,,,446247.72,702863.7049999998
1742477400,7.25,7.83,7,7.425,7.927749716836906,10.796072980812989,0,0,0,5.805,26.25,55,110.5,162.5,1,1,1,1,,,,79628.76,706088.9999999999
1742563800,7.8,7.8,6.65,7.22,7.786199773469525,10.470975437102718,0,0,0,5.805,26.25,55,110.5,162.5,1,1,1,1,,,,51195.46,708144.8179999999
1742823000,7.005,7.445,6.85,7,7.62895981877562,10.155432215547926,0,0,0,5.805,26.25,55,110.5,162.5,1,1,1,1,,,,44486.06,709294.7999999999
1742909400,6.97,7.14,6.635,6.705,7.4441678550204955,9.841756559589022,0,0,0,5.805,26.25,55,110.5,162.5,1,1,1,1,,,,33524.8,710334.891
1742995800,6.74,6.905,6.55,6.72,7.299334284016396,9.557960508717294,0,0,0,5.805,26.25,55,110.5,162.5,1,1,1,1,,,,24155.44,710725.7249999999
1743082200,6.645,7.13,6.5,6.655,7.170467427213117,9.294055007924813,0,0,0,5.805,26.25,55,110.5,162.5,1,1,1,1,,,,33300.2,711255.0029999999
1743168600,6.505,6.765,5.935,6.07,6.9503739417704935,9.000959098113466,0,0,0,5.805,26.25,55,110.5,162.5,1,1,1,1,,,,33197.2,712018.514
1743427800,6.105,6.255,5.765,6.03,6.766299153416395,8.730871907375878,0,0,0,5.805,26.25,55,110.5,162.5,1,1,1,1,,,,18376.3,712253.757
1743514200,5.945,6.235,5.4,5.76,6.565039322733116,8.46079264306898,0,0,0,5.805,26.25,55,110.5,162.5,1,1,1,1,,,,49199.9,703727.9589999999
1743600600,5.75,6.015,5.675,5.77,6.406031458186493,8.21617513006271,0,0,0,5.805,26.25,55,110.5,162.5,1,1,1,1,,,,37582.94,702990.678
1743687000,5.39,5.49,5,5.1,6.144825166549194,7.932886481875191,0,0,0,5.805,26.25,55,110.5,162.5,1,1,1,1,,,,50667.06,692447.9839999999
1743773400,5.155,5.155,4.53,4.605,5.836860133239355,7.630351347159265,0,0,0,5.805,26.25,55,110.5,162.5,1,1,1,1,,,,59385.76,689026.4689999999
1744032600,4.5,4.8,3.75,4.56,5.581488106591484,7.351228497417513,0,0,0,5.805,26.25,55,110.5,162.5,1,1,1,1,,,,84663.58,689770.669
1744119000,4.56,4.995,4.12,4.125,5.290190485273188,7.057934997652285,0,0,0,5.805,26.25,55,110.5,162.5,1,1,1,1,,,,25890,682221.6769999999
1744205400,4,4.95,3.91,4.95,5.22215238821855,6.8663045433202585,0,0,0,5.805,26.25,55,110.5,162.5,1,1,1,1,,,,45705.4,99808.487
1744291800,5.18,5.18,4.255,4.7,5.11772191057484,6.669367766654781,0,0,0,5.805,26.25,55,110.5,162.5,1,1,1,1,,,,54900.16,82231.19699999999
1744378200,4.56,5.755,4.465,5.755,5.245177528459872,6.586243424231619,0,0,0,5.805,26.25,55,110.5,162.5,1,1,1,1,,,,55621.26,75399.51599999999
1744637400,6.175,6.175,5.015,5.015,5.199142022767898,6.443403112937836,0,0,0,3.75,12.24,26.25,55,110.5,1,1,1,1,,,,35220.38,69413.83800000003
1744723800,4.945,5.895,4.945,5.85,5.329313618214318,6.389457375398033,0,0,0,3.75,12.24,26.25,55,110.5,1,1,1,1,,,,26037.14,64449.27599999999
1744810200,5.73,8.36,4.5,4.5,5.163450894571454,6.21768852308912,0,0,0,3.75,12.24,26.25,55,110.5,1,1,1,1,,,,693117.22,76792.75100000002
1744896600,4.505,4.705,4,4.705,5.071760715657163,6.080171384626473,0,0,0,3.75,12.24,26.25,55,110.5,1,1,1,1,,,,71480.36,76385.331
1745242200,4.585,5.26495,4.575,5.17,5.09140857252573,5.9974285314786115,0,0,0,3.75,12.24,26.25,55,110.5,1,1,1,1,,,,33710.94,75511.10500000001
1745328600,5.2,5.2198,4.625,4.85,5.043126858020584,5.893116846798738,0,0,0,3.75,12.24,26.25,55,110.5,1,1,1,1,,,,21530.84,74363.34399999997
1745415000,5.4,5.4,4.9,5.125,5.059501486416467,5.823288042544307,0,0,0,3.75,12.24,26.25,55,110.5,1,1,1,1,,,,28025.16,74088.36199999994
1745501400,4.815,5.8,4.65,5.555,5.158601189133174,5.7988982204948245,0,0,0,3.75,12.24,26.25,55,110.5,1,1,1,1,,,,198750.98,82818.13899999998
1745587800,5.25,5.73,5,5.5,5.226880951306539,5.771725654995295,0,0,0,4,8.36,,,,1,1,1,1,,,,43066.32,83306.44499999993
1745847000,5.3,5.5995,5,5,5.181504761045231,5.7015687772684505,0,0,0,4,8.36,,,,1,1,1,1,,,,35785.64,83435.86699999993
1745933400,5,5.265,4.75,5.08,5.161203808836184,5.6450625247895,0,0,0,4,8.36,,,,1,1,1,1,,,,52227.7,85128.43699999989
1746019800,4.97,5.8395,4.77,5.425,5.2139630470689475,5.625056840717727,0,0,0,4,8.36,,,,1,1,1,1,,,,41053.32,84721.10799999993
1746106200,5.5,6.11,5.1505,5.475,5.266170437655158,5.611415309743388,0,0,0,4,8.36,,,,1,1,1,1,,,,90462.96,87365.10899999997
1746192600,5.85,6.035,5.635,5.85,5.382936350124126,5.6331048270394435,1,0,0,4,8.36,,,,2,1,1,1,1,,,192572.32,94460.372
1746451800,5.94,5.94,5.39,5.67,5.440349080099301,5.6364589336722215,0,0,0,4,8.36,,,,2,1,1,1,,,,29415.32,92961.85000000005
1746538200,5.67,5.7,5.17,5.2,5.39227926407944,5.596780848792928,0,0,0,4,8.36,,,,2,1,1,1,,,,25266.74,89992.00800000005
1746624600,5.15,5.34,4.7,4.705,5.254823411263552,5.515709862539025,0,0,1,4,8.36,,,,1,1,1,1,,,1,32618.82,90328.44900000005
1746711000,7.24,8.61,5.31,7.88,5.779858729010842,5.730645329580932,1,0,0,4,8.36,,,,2,1,1,1,1,,,8513044.32,513695.3950000002
1746797400,5.475,6.13,4.995,5.18,5.659886983208674,5.680586663255393,0,0,0,4,8.36,,,,2,1,1,1,,,,499207.94,535910.7840000002
1747056600,5.2,5.25,3.8,3.82,5.291909586566939,5.5114424211412665,0,0,1,4,8.36,,,,1,1,1,1,,,1,418365,554047.9710000001
1747143000,3.82,3.89,2.9801,3.1,4.853527669253552,5.292220382855697,0,0,0,4,8.36,,,,1,1,1,1,,,,527072,578640.5520000001
1747229400,3.03,3.38,2.94,3.16,4.5148221354028415,5.098382166232452,0,0,0,4,8.36,,,,1,1,1,1,,,,198534,587265.3950000001
1747315800,3.11,3.75,3.02,3.48,4.307857708322273,4.951256514756774,0,0,0,4,8.36,,,,1,1,1,1,,,,214213,563320.1840000001
1747402200,3.65,3.84,3.4,3.52,4.150286166657819,4.821142286142522,0,0,0,4,8.36,,,,1,1,1,1,,,,123322,565912.2660000001
1747661400,3.49,3.68,3.43,3.57,4.034228933326255,4.707402078311384,0,0,0,4,8.36,,,,1,1,1,1,,,,62137,567333.5690000001
1747747800,3.54,3.59,3.36,3.41,3.9093831466610043,4.589456434828531,0,0,0,4,8.36,,,,1,1,1,1,,,,86522,570583.1270000001
1747834200,3.37,3.4276,3.01,3.02,3.7315065173288033,4.446778577116846,0,0,0,2.94,8.61,12.24,26.25,55,1,1,1,1,,,,103589,574361.3190000001
1747920600,3.15,3.29,3.115,3.29,3.643205213863043,4.3416168882880415,0,0,0,2.94,8.61,12.24,26.25,55,1,1,1,1,,,,65724,567709.9700000001
1748007000,3.2,3.439,3.1201,3.16,3.5465641710904343,4.234197171170947,0,0,0,2.94,8.61,12.24,26.25,55,1,1,1,1,,,,59229,568518.1040000002
1748352600,3.19,3.435,3.12,3.41,3.5192513368723475,4.159270155609952,0,0,0,2.94,8.61,12.24,26.25,55,1,1,1,1,,,,54022,569429.9220000001
1748439000,3.4,3.54,3.2912,3.54,3.523401069497878,4.10297286873632,0,0,0,2.94,8.61,12.24,26.25,55,1,1,1,1,,,,42311,568934.087
1748525400,3.46,3.72,3.29,3.4,3.4987208555983025,4.0390662443057455,0,0,0,2.94,8.61,12.24,26.25,55,1,1,1,1,,,,88235,571293.1710000002
1748611800,3.39,3.5099,3.18,3.29,3.456976684478642,3.9709693130052233,0,0,0,2.94,8.61,12.24,26.25,55,1,1,1,1,,,,36260,568583.0230000002
1748871000,3.25,3.348,3.19,3.34,3.4335813475829133,3.9136084663683848,0,0,0,2.94,8.61,12.24,26.25,55,1,1,1,1,,,,43890,561148.9070000001
1748957400,3.45,3.45,3.2823,3.45,3.436865078066331,3.871462242153077,0,0,0,2.94,8.61,12.24,26.25,55,1,1,1,1,,,,38383,561597.2910000001
1749043800,3.42,3.78,3.4,3.74,3.4974920624530648,3.85951112923007,0,0,0,2.94,8.61,12.24,26.25,55,1,1,1,1,,,,82531,564460.5040000001
1749130200,3.74,3.74,3.43,3.51,3.4999936499624518,3.8277373902091547,0,0,0,2.94,8.61,12.24,26.25,55,1,1,1,1,,,,65851,566122.1130000001
1749216600,3.46,4.14,3.45,3.84,3.567994919969961,3.828852172917413,0,0,0,2.94,8.61,12.24,26.25,55,1,1,1,1,,,,297049,155322.34700000015
1749475800,3.84,3.84,3.35,3.49,3.552395935975969,3.798047429924921,0,0,0,2.94,8.61,12.24,26.25,55,1,1,1,1,,,,175699,139146.90000000017
1749562200,3.52,3.53,3.3938,3.5,3.5419167487807752,3.7709522090226555,0,0,0,2.94,8.61,12.24,26.25,55,1,1,1,1,,,,51585,120807.90000000014
1749648600,3.5,3.5112,3.22,3.24,3.4815333990246202,3.722683826384232,0,0,0,2.94,8.61,12.24,26.25,55,1,1,1,1,,,,55427,97225.65000000014
1749735000,3.3,3.4182,3.23,3.41,3.4672267192196964,3.6942580239856655,0,0,0,2.94,8.61,12.24,26.25,55,1,1,1,1,,,,35506,89074.2500000001
1749821400,3.35,3.4,3.23,3.24,3.4217813753757573,3.6529618399869688,0,0,0,2.94,8.61,12.24,26.25,55,1,1,1,1,,,,69474,81837.30000000013
1750080600,3.27,3.3788,3.26,3.28,3.3934251003006057,3.6190562181699715,0,0,0,2.94,8.61,12.24,26.25,55,1,1,1,1,,,,36747,77508.55000000008
1750167000,3.36,3.37,3.305,3.34,3.3827400802404846,3.5936874710636104,0,0,0,2.94,8.61,12.24,26.25,55,1,1,1,1,,,,39311,76367.25000000007
1750253400,3.34,3.51,3.32,3.49,3.4041920641923875,3.5842613373305547,0,0,0,2.94,8.61,12.24,26.25,55,1,1,1,1,,,,73320,75707.15000000005
1750426200,3.47,3.93,3.4385,3.75,3.47335365135391,3.5993284884823225,0,0,0,2.94,8.61,12.24,26.25,55,1,1,1,1,,,,83377,74696.55000000003
1750685400,3.73,3.87,3.6,3.79,3.536682921083128,3.6166622622566567,0,0,0,2.94,8.61,12.24,26.25,55,1,1,1,1,,,,41469,73483.79999999999
1750771800,3.82,3.9999,3.78,3.96,3.621346336866502,3.6478747838696877,0,0,0,2.94,8.61,12.24,26.25,55,1,1,1,1,,,,54701,73257.40000000002
1750858200,3.99,3.9999,3.82,3.88,3.6730770694932016,3.6689770762451706,0,0,0,2.94,8.61,12.24,26.25,55,1,1,1,1,,,,120839,76598.25000000003
1750944600,3.88,4.5399,3.8218,4.29,3.796461655594561,3.725433705677428,0,0,0,2.94,8.61,12.24,26.25,55,1,1,1,1,,,,180211,83493.24999999999
1751031000,4.37,4.37,3.99,3.99,3.835169324475649,3.74948518697948,0,0,0,2.94,8.61,12.24,26.25,55,1,1,1,1,,,,143436,86253.30000000002
1751290200,4.04,4.09,3.9095,3.94,3.856135459580519,3.7668047154358906,0,0,0,2.94,8.61,12.24,26.25,55,1,1,1,1,,,,52142,87047.40000000001
1751376600,3.94,4,3.68,3.75,3.8349083676644153,3.7652770140326277,0,0,0,2.94,8.61,12.24,26.25,55,1,1,1,1,,,,51439,87424.84999999999
1751463000,3.75,4.25,3.75,4.17,3.9019266941315323,3.8020700127569342,0,0,0,2.94,8.61,12.24,26.25,55,1,1,1,1,,,,49384,87974.89999999995
1751549400,4.15,4.2935,4.13,4.21,3.963541355305226,3.8391545570517582,0,0,0,2.94,8.61,12.24,26.25,55,1,1,1,1,,,,26090,85152.8499999999
1751895000,4.19,4.29,4.115,4.23,4.016833084244181,3.874685960956144,0,0,0,2.94,8.61,12.24,26.25,55,1,1,1,1,,,,16767,82698.64999999994
1751981400,4.14,4.585,4.14,4.57,4.127466467395345,3.937896328141949,0,0,0,2.94,8.61,12.24,26.25,55,1,1,1,1,,,,58457,70769.04999999994
1752067800,4.52,4.59,4.3,4.39,4.1799731739162755,3.9789966619472263,0,0,0,2.94,8.61,12.24,26.25,55,1,1,1,1,,,,28254,63396.79999999995
1752154200,4.47,4.5185,4.305,4.44,4.231978539133021,4.020906056315661,0,0,0,2.94,8.61,12.24,26.25,55,1,1,1,1,,,,19718,61803.44999999995
1752240600,4.43,4.43,4.2,4.34,4.253582831306416,4.0499145966506,0,0,0,2.94,8.61,12.24,26.25,55,1,1,1,1,,,,29458,60504.999999999956
1752499800,4.34,4.42,4.19,4.19,4.240866265045133,4.062649633318728,0,0,0,2.94,8.61,12.24,26.25,55,1,1,1,1,,,,25151,59987.24999999994
1752586200,4.3,4.5,4.275,4.39,4.270693012036106,4.092408757562479,0,0,0,2.94,8.61,12.24,26.25,55,1,1,1,1,,,,44163,58721.69999999994
1752672600,4.44,4.442,4.22,4.28,4.272554409628885,4.109462506874981,0,0,0,2.94,8.61,12.24,26.25,55,1,1,1,1,,,,25458,58157.24999999994
1752759000,4.35,4.843,4.32,4.74,4.366043527703108,4.1667840971590735,0,0,0,2.94,8.61,12.24,26.25,55,1,1,1,1,,,,95232,60953.299999999945
1752845400,4.8,4.8727,4.58,4.64,4.420834822162487,4.209803724690067,0,0,0,2.94,8.61,12.24,26.25,55,1,1,1,1,,,,35954,59084.99999999994
1753104600,4.84,5.5499,4.6401,5.35,4.606667857729989,4.3134579315364245,1,0,0,2.94,8.61,12.24,26.25,55,2,1,1,1,1,,,200387,64935.5
1753191000,5.52,5.5929,5.1,5.38,4.761334286183991,4.41041630139675,0,0,0,2.94,8.61,12.24,26.25,55,2,1,1,1,,,,75892,66656.65
1753277400,5.39,5.484,4.83,4.87,4.783067428947192,4.452196637633409,0,0,0,2.94,8.61,12.24,26.25,55,2,1,1,1,,,,138843,70863.75
1753363800,4.97,5.2184,4.5801,4.6,4.7464539431577535,4.465633306939463,0,0,0,2.94,8.61,12.24,26.25,55,2,1,1,1,,,,60279,67835.75
1753450200,4.55,4.84,4.4,4.5,4.697163154526203,4.468757551763148,0,0,0,2.94,8.61,12.24,26.25,55,2,1,1,1,,,,40427,60846.55
1753709400,4.43,4.5,4.02,4.02,4.561730523620962,4.427961410693771,0,0,1,2.94,8.61,12.24,26.25,55,1,1,1,1,,,1,43441,55846.8
1753795800,4.03,4.19,3.78,3.83,4.41538441889677,4.373601282448883,0,0,0,2.94,8.61,12.24,26.25,55,1,1,1,1,,,,36204,55049.9
1753882200,3.83,4.058,3.81,3.96,4.324307535117416,4.336001165862621,0,0,0,2.94,8.61,12.24,26.25,55,1,1,1,1,,,,9838,52969.85
1753968600,4.0513,4.1787,3.8607,3.93,4.245446028093933,4.299091968966019,0,0,0,2.94,8.61,12.24,26.25,55,1,1,1,1,,,,25678,51784.55
1754055000,3.83,3.959,3.3767,3.49,4.094356822475146,4.225538153605472,0,0,0,2.94,8.61,12.24,26.25,55,1,1,1,1,,,,47421,52851.1
1754314200,3.53,3.6833,3.5131,3.6833,4.012145457980117,4.176243776004974,0,0,0,2.94,8.61,12.24,26.25,55,1,1,1,1,,,,21292,53077.35
1754400600,3.761,3.761,3.53,3.53,3.915716366384094,4.117494341822704,0,0,0,2.94,8.61,12.24,26.25,55,1,1,1,1,,,,31919,51750.45
1754487000,3.5981,3.635,3.3706,3.5,3.8325730931072752,4.061358492566095,0,0,0,2.94,8.61,12.24,26.25,55,1,1,1,1,,,,14483,51061.9
1754573400,3.46,3.5684,3.37,3.37,3.7400584744858203,3.9985077205146315,0,0,0,2.94,8.61,12.24,26.25,55,1,1,1,1,,,,26082,51380.100000000006
1754659800,3.4122,3.4122,3.28,3.28,3.648046779588656,3.933188836831483,0,0,0,2.94,8.61,12.24,26.25,55,1,1,1,1,,,,16382,50726.30000000001
1754919000,3.32,3.51,3.28,3.3,3.578437423670925,3.8756262153013483,0,0,0,2.94,8.61,12.24,26.25,55,1,1,1,1,,,,24912,50714.350000000006
1755005400,3.4999,3.4999,3.35,3.41,3.5447499389367403,3.8332965593648622,0,0,0,2.94,8.61,12.24,26.25,55,1,1,1,1,,,,16571,49334.75000000001
1755091800,3.35,3.63,3.35,3.41,3.5177999511493923,3.7948150539680565,0,0,0,2.94,8.61,12.24,26.25,55,1,1,1,1,,,,23693,49246.500000000015
1755178200,3.37,3.48,3.08,3.18,3.450239960919514,3.7389227763345967,0,0,0,2.94,8.61,12.24,26.25,55,1,1,1,1,,,,51137,47041.750000000015
1755264600,3.19,3.522,3.01,3.08,3.3761919687356112,3.6790207057587243,0,0,0,2.94,8.61,12.24,26.25,55,1,1,1,1,,,,74588,48973.45000000001
1755523800,3.08,3.2327,3.08,3.22,3.344953574988489,3.637291550689749,0,0,0,2.94,8.61,12.24,26.25,55,1,1,1,1,,,,14854,39696.80000000001
1755610200,3.25,3.25,3.095,3.095,3.2949628599907914,3.5879923188088627,0,0,0,2.94,8.61,12.24,26.25,55,1,1,1,1,,,,23047,37054.55000000001
1755696600,3.26,3.26,2.99,3.1,3.2559702879926333,3.5436293807353296,0,0,0,2.94,8.61,12.24,26.25,55,1,1,1,1,,,,53644,32794.60000000001
1755783000,3.22,3.22,3.14,3.21,3.2467762303941066,3.513299437032118,0,0,0,2.94,8.61,12.24,26.25,55,1,1,1,1,,,,11147,30338.00000000001
1755869400,3.1173,3.5,3.1173,3.39,3.2754209843152853,3.5020903973019255,0,0,0,2.94,8.61,12.24,26.25,55,1,1,1,1,,,,51021,30867.70000000002
1756128600,3.26,3.42,3.25,3.31,3.2823367874522282,3.4846276339108413,0,0,0,2.94,8.61,12.24,26.25,55,1,1,1,1,,,,10792,29235.25000000002
1756215000,3.25,3.35,3.2393,3.35,3.295869429961783,3.472388758100765,0,0,0,2.94,8.61,12.24,26.25,55,1,1,1,1,,,,18097,28329.900000000016
1756301400,3.39,3.4,3.11,3.15,3.2666955439694263,3.4430806891825134,0,0,0,2.99,5.5929,,,,1,1,1,1,,,,11647,28420.350000000013
1756387800,3.2887,3.2927,3.11,3.12,3.237356435175541,3.4137097174386484,0,0,0,2.99,5.5929,,,,1,1,1,1,,,,20016,28137.25000000002
1756474200,3.23,3.32,3.01,3.25,3.239885148140433,3.3988270158533167,0,0,0,2.99,5.5929,,,,1,1,1,1,,,,36315,27581.95000000002
1756819800,3.2805,3.41,3.05,3.28,3.2479081185123464,3.3880245598666514,0,0,0,2.99,5.5929,,,,1,1,1,1,,,,4286763,240855.5
1756906200,7.49,7.8,5.5097,7.01,4.000326494809877,3.7172950544242287,1,0,0,2.99,5.5929,,,,2,1,1,1,1,,,87037142,4591116.65
1756992600,6.5,6.98,5.75,6.86,4.572261195847902,4.002995504022026,0,1,0,2.99,5.5929,,,,3,1,1,1,,1,,1606010,4670693
1757079000,7.1,8,5.85,5.92,4.841808956678321,4.177268640020023,0,0,0,2.99,5.5929,,,,3,1,1,1,,,,1278036,4733290.7
1757338200,5.61,5.69,4.7301,4.75,4.823447165342657,4.2293351272909305,0,0,0,2.99,5.5929,,,,3,1,1,1,,,,452354,4755089.3
1757424600,4.49,5.75,4.3,5.4,4.938757732274126,4.3357592066281185,0,0,0,2.99,5.5929,,,,3,1,1,1,,,,370200,4772353.7
1757511000,5.24,5.5,5,5,4.951006185819301,4.396144733298289,0,0,0,2.99,5.5929,,,,3,1,1,1,,,,145472,4778798.75
1757597400,4.97,5.67,4.85,5.58,5.0768049486554405,4.503767939362081,0,0,0,2.99,5.5929,,,,3,1,1,1,,,,170818,4786155
1757683800,5.6,5.79,5.28,5.28,5.117443958924352,4.574334490329165,0,0,0,2.99,5.5929,,,,3,1,1,1,,,,85792,4787887.75
1757943000,5.17,5.3217,4.72,4.72,5.037955167139482,4.58757680939015,0,0,0,2.99,5.5929,,,,3,1,1,1,,,,98795,4789098.1
1758029400,4.77,4.9637,4.55,4.55,4.940364133711586,4.584160735809228,0,0,0,2.99,5.5929,,,,3,1,1,1,,,,59411,4791325.95
1758115800,4.61,4.85,4.53,4.6,4.872291306969268,4.58560066891748,0,0,0,2.99,5.5929,,,,3,1,1,1,,,,292916,4804819.4
1758202200,4.67,4.82,4.6,4.73,4.843833045575415,4.598727880834073,0,0,0,2.99,5.5929,,,,3,1,1,1,,,,87445,4806509.45
1758288600,4.77,4.79,4.55,4.55,4.7850664364603315,4.59429807348552,0,0,0,2.99,5.5929,,,,3,1,1,1,,,,60183,4808961.25
1758547800,4.54,4.6699,4.44,4.45,4.718053149168266,4.581180066805018,0,0,0,2.99,5.5929,,,,3,1,1,1,,,,54361,4809128.25
1758634200,4.56,4.72,4.4353,4.57,4.688442519334613,4.580163697095471,0,0,0,2.99,5.5929,,,,3,1,1,1,,,,861399,4851658.6
1758720600,4.92,5.6764,4.45,4.7,4.69075401546769,4.591057906450428,0,0,0,2.99,5.5929,,,,3,1,1,1,,,,597743,4880640.9
1758807000,4.58,4.7,4.5,4.52,4.6566032123741525,4.584598096773116,0,0,0,2.99,5.5929,,,,3,1,1,1,,,,76694,4883893.25
1758893400,4.53,4.94,4.53,4.86,4.697282569899322,4.6096346334301055,0,0,0,2.99,5.5929,,,,3,1,1,1,,,,62531,4886019
1759152600,4.85,4.9,4.53,4.78,4.713826055919458,4.625122394027368,0,0,0,2.99,5.5929,,,,3,1,1,1,,,,566776,4912542.05
1759239000,4.73,4.8,4.6,4.64,4.699060844735566,4.626474903661244,0,0,0,4.4353,8,,,,1,1,1,1,,,,199228,4708165.3
1759325400,4.59,5,4.58,4.71,4.701248675788453,4.634068094237494,0,0,0,4.4353,8,,,,1,1,1,1,,,,233500,367983.2
1759411800,4.86,4.98,4.756,4.86,4.732998940630763,4.6546073583977225,0,0,0,4.4353,8,,,,1,1,1,1,,,,30619,289213.65
1759498200,4.93,5.15,4.7,4.84,4.75439915250461,4.671461234907021,0,0,0,4.4353,8,,,,1,1,1,1,,,,159345,233279.1
1759757400,4.82,5.33,4.79,5.06,4.815519322003688,4.7067829408245645,0,0,0,4.4353,8,,,,1,1,1,1,,,,180105,219666.65
1759843800,5.21,5.21,4.77,4.87,4.82641545760295,4.7216208552950585,0,0,0,4.4353,8,,,,1,1,1,1,,,,103659,206339.6
1759930200,4.86,5.1789,4.85,5.08,4.8771323660823604,4.754200777540962,0,0,0,4.4353,8,,,,1,1,1,1,,,,70978,202614.9
1760016600,5.18,5.6466,5.08,5.39,4.979705892865888,4.81200070685542,0,0,0,4.4353,8,,,,1,1,1,1,,,,211178,204632.89999999997
1760103000,5.49,5.85,5.31,5.49,5.08176471429271,4.8736370062322,0,0,0,4.4353,8,,,,1,1,1,1,,,,163006,208493.59999999998
1760362200,11.59,27.698,9.3,21.625,8.390411771434168,6.396488187483818,1,0,0,4.4353,8,,,,2,1,1,1,1,,,100973792,5252243.45
1760448600,18.2,33.99,15.4624,28,12.312329417147335,8.360443806803472,0,1,0,4.4353,8,,,,3,1,1,1,,1,,9670251,5732785.45
1760535000,28.17,29.5,20.25,21.75,14.199863533717869,9.577676188003156,0,0,0,4.4353,8,,,,3,1,1,1,,,,1752276,5805753.45
1760621400,22.99,24.47,16.5,18.02,14.963890826974295,10.34516017091196,0,0,0,4.4353,8,,,,3,1,1,1,,,,1011805,5851971.45
1760707800,16.5,24.34,15.58,21.17,16.205112661579435,11.329236519010873,0,0,0,4.4353,8,,,,3,1,1,1,,,,2359632,5966943.9
1760967000,22,22.3938,17.6101,17.8,16.52409012926355,11.91748774455534,0,0,0,4.4353,8,,,,3,1,1,1,,,,488440,5988647.85
1761053400,17.81,17.85,13.25,13.93,16.00527210341084,12.100443404141219,0,0,0,4.4353,8,,,,3,1,1,1,,,,588497,5975002.75
1761139800,13.4,13.9,10,10.67,14.938217682728672,11.970403094673834,0,0,0,4.4353,8,,,,3,1,1,1,,,,640354,5977133.3
1761226200,10.9,12.7299,10.7,12.48,14.446574146182938,12.016730086067122,0,0,0,4.4353,8,,,,3,1,1,1,,,,447950,5995696.1
1761312600,12.56,16.3,12.56,14.62,14.48125931694635,12.253390987333747,0,0,0,4.4353,8,,,,3,1,1,1,,,,753735,6030256.3
1761571800,14.8,14.8,11.47,13.2,14.22500745355708,12.339446352121588,0,0,0,4.4353,8,,,,3,1,1,1,,,,462731,6025054.05
1761658200,13.2,13.4969,12.06,12.12,13.804005962845663,12.319496683746898,0,0,0,4.4353,8,,,,3,1,1,1,,,,153618,6022773.55
1761744600,11.84,12.0725,10.995,11.3,13.30320477027653,12.226815167042634,0,0,0,10,33.99,,,,1,1,1,1,,,,245910,6023394.05
1761831000,10.98,11.64,10.515,10.68,12.778563816221224,12.086195606402395,0,0,0,10,33.99,,,,1,1,1,1,,,,167997,6030262.95
1761917400,11.18,12.67,11.1569,12.65,12.752851052976979,12.137450551274904,0,0,0,10,33.99,,,,1,1,1,1,,,,309002,6037745.8
1762180200,12.45,12.87,11.0001,11.29,12.460280842381582,12.060409592068094,0,0,0,10,33.99,,,,1,1,1,1,,,,206875,6039084.3
1762266600,10.81,11.47,10.2,10.38,12.044224673905266,11.907645083698267,0,0,0,10,33.99,,,,1,1,1,1,,,,101896,6038996.15
1762353000,10.04,11.2105,10.04,11.01,11.837379739124213,11.826040985180242,0,0,0,10,33.99,,,,1,1,1,1,,,,87550,6039824.75
1762439400,11.07,11.07,10,10.24,11.51790379129937,11.681855441072948,0,0,0,10,33.99,,,,1,1,1,1,,,,86010,6033566.35
1762525800,10.24,11.86,10.02,11.86,11.586323033039495,11.698050400975406,0,0,0,10,33.99,,,,1,1,1,1,,,,116005,6031216.3
1762785000,12.48,12.9125,11.25,11.69,11.607058426431596,11.697318546341279,0,0,0,10,33.99,,,,1,1,1,1,,,,116356,988344.5
1762871400,11.52,11.52,10.2,10.3,11.345646741145277,11.57028958758298,0,0,0,10,33.99,,,,1,1,1,1,,,,98550,509759.45
1762957800,10.52,11.5099,10.5,10.81,11.238517392916222,11.501172352348163,0,0,0,10,33.99,,,,1,1,1,1,,,,108166,427553.95
1763044200,10.5,10.65,10.02,10.12,11.014813914332978,11.375611229407422,0,0,0,10,33.99,,,,1,1,1,1,,,,46466,379287
1763130600,9.49,10.31,9.1,10.05,10.821851131466381,11.255101117643111,0,0,0,10,33.99,,,,1,1,1,1,,,,82496,265430.2
1763389800,10.35,10.39,10.11,10.14,10.685480905173105,11.153728288766464,0,0,0,10,33.99,,,,1,1,1,1,,,,25275,242271.95
1763476200,10.07,11.75,10.07,11.43,10.834384724138484,11.178843898878604,0,0,0,10,33.99,,,,1,1,1,1,,,,60325,215863.35
1763562600,11.3,12.5,11,11.145,10.896507779310788,11.175767180798731,0,0,0,10,33.99,,,,1,1,1,1,,,,129587,190325
1763649000,11.6,11.895,10.1,10.11,10.73920622344863,11.078879255271573,0,0,0,10,33.99,,,,1,1,1,1,,,,82040,172029.5
1763735400,10.09,11.5,9.6201,11.28,10.847364978758904,11.097162959337794,1,0,0,9.1,12.9125,33.99,,,2,1,1,1,1,,,380252,153355.35
1763994600,10.82,11.1844,10.68,10.81,10.839891983007123,11.07105723576163,0,0,0,9.1,12.9125,33.99,,,2,1,1,1,,,,44881,132462.85
1764081000,10.53,10.74,10.3,10.49,10.769913586405698,11.018233850692392,0,0,0,9.1,12.9125,33.99,,,2,1,1,1,,,,27972,126180.55
1764167400,10.2,10.94,10.2,10.65,10.745930869124559,10.984758046083993,0,0,0,9.1,12.9125,33.99,,,2,1,1,1,,,,87554,118262.75
1764340200,10.65,11.12,10.3968,10.92,10.780744695299648,10.978870950985447,0,0,0,9.1,12.9125,33.99,,,2,1,1,1,,,,46815,112203.65
1764599400,10.6,10.62,10.3,10.43,10.710595756239718,10.928973591804953,0,0,0,9.1,12.9125,33.99,,,2,1,1,1,,,,27949,98151
1764685800,10.58,10.58,8.5613,8.71,10.310476604991774,10.727248719822684,0,0,1,9.1,12.9125,33.99,,,1,1,1,1,,,1,144807,95047.6
1764772200,8.75,9.0425,8.145,8.38,9.92438128399342,10.513862472566077,0,0,0,9.1,12.9125,33.99,,,1,1,1,1,,,,53332,92619.4
1764858600,8.34,8.73,8,8.73,9.685505027194736,10.351693156878252,0,0,0,9.1,12.9125,33.99,,,1,1,1,1,,,,67132,91598.49999999997
1764945000,8.87,9.03,8.33,8.39,9.42640402175579,10.173357415343865,0,0,0,9.1,12.9125,33.99,,,1,1,1,1,,,,34624,89029.19999999997
1765204200,8.41,8.61,7.73,7.97,9.135123217404631,9.973052195767151,0,0,0,9.1,12.9125,33.99,,,1,1,1,1,,,,64710,86464.44999999997
1765290600,7.73,8.29,7.6,7.82,8.872098573923704,9.777320177970138,0,0,0,9.1,12.9125,33.99,,,1,1,1,1,,,,53234,83308.34999999996
1765377000,7.82,8.045,7.68,7.86,8.669678859138964,9.603018343609216,0,0,0,9.1,12.9125,33.99,,,1,1,1,1,,,,49595,80860.59999999996
1765463400,7.73,7.9,7.3942,7.7,8.475743087311171,9.430016676008378,0,0,0,9.1,12.9125,33.99,,,1,1,1,1,,,,30357,76970.14999999997
1765549800,7.87,7.87,7.38,7.48,8.276594469848938,9.25274243273489,0,0,0,9.1,12.9125,33.99,,,1,1,1,1,,,,23083,75800.99999999997
1765809000,7.55,7.55,6.49,6.61,7.9432755758791505,9.012493120668081,0,0,0,9.1,12.9125,33.99,,,1,1,1,1,,,,30663,73209.34999999996
1765895400,6.63,6.63,6.36,6.52,7.65862046070332,8.785902836970983,0,0,0,9.1,12.9125,33.99,,,1,1,1,1,,,,35006,73695.89999999997
1765981800,6.53,6.779,5.97,6.11,7.348896368562656,8.542638942700894,0,0,0,9.1,12.9125,33.99,,,1,1,1,1,,,,37165,72537.89999999997
1766068200,6.1,6.23,5.95,6.04,7.087117094850124,8.315126311546267,0,0,0,9.1,12.9125,33.99,,,1,1,1,1,,,,20444,67080.74999999997
1766154600,5.93,7.3,5.85,7.12,7.0936936758800995,8.20647846504206,0,0,0,9.1,12.9125,33.99,,,1,1,1,1,,,,62849,66121.19999999997
1766413800,7.18,7.73,6.9983,7.33,7.14095494070408,8.12679860458369,0,0,0,9.1,12.9125,33.99,,,1,1,1,1,,,,58679,50042.54999999997
1766500200,7.4,7.5675,7.0201,7.27,7.166763952563263,8.04890782234881,0,0,0,9.1,12.9125,33.99,,,1,1,1,1,,,,24716,49034.29999999997
1766586600,6.99,7.26,6.72,6.81,7.095411162050611,7.936279838498917,0,0,0,9.1,12.9125,33.99,,,1,1,1,1,,,,24523,48861.84999999996
1766759400,6.88,6.88,6.25,6.31,6.938328929640488,7.788436216817198,0,0,0,9.1,12.9125,33.99,,,1,1,1,1,,,,32532,46110.74999999996
1767018600,6.69,8.196,6.35,7.705,7.091663143712391,7.780851106197453,0,0,0,5.85,12.9125,33.99,,,1,1,1,1,,,,374308,62485.399999999965
1767105000,7.93,8.398,7.16,7.59,7.191330514969913,7.763501005634048,0,0,0,5.85,12.9125,33.99,,,1,1,1,1,,,,114427,66809.29999999996
1767191400,7.45,7.59,6.8,7.09,7.17106441197593,7.7022736414854975,0,0,0,5.85,12.9125,33.99,,,1,1,1,1,,,,86431,63890.49999999996
1767364200,7.41,10.9,7.28,8,7.336851529580744,7.729339674077725,0,0,0,5.85,12.9125,33.99,,,1,1,1,1,,,,1532283,137838.05
1767623400,8.29,9.3,7.92,9.19,7.707481223664595,7.862126976434295,1,0,0,5.85,12.9125,33.99,,,2,1,1,1,1,,,242129,146587.9
1767709800,8.97,9.1,8.44,8.89,7.943984978931676,7.955569978576632,0,0,0,5.85,12.9125,33.99,,,2,1,1,1,,,,109052,150309.3
1767796200,8.62,8.73,8.005,8.46,8.04718798314534,8.001427253251483,0,0,0,5.85,12.9125,33.99,,,2,1,1,1,,,,87004,151424
1767882600,8.5,8.54,7.94,8.015,8.040750386516272,8.00266113931953,0,0,0,5.85,12.9125,33.99,,,2,1,1,1,,,,85284,153026.50000000003
1767969000,8.02,8.3965,7.9389,8.15,8.062600309213018,8.016055581199574,0,0,0,5.85,12.9125,33.99,,,2,1,1,1,,,,71268,154110.15000000002
1768228200,8.25,9.2499,8.1832,9.05,8.260080247370414,8.11005052836325,0,0,0,5.85,12.9125,33.99,,,2,1,1,1,,,,146733,159928.95
1768314600,9.14,9.14,8.19,8.42,8.292064197896332,8.1382277530575,0,0,0,5.85,12.9125,33.99,,,2,1,1,1,,,,60287,161789.15000000002
1768401000,8.24,8.8,8.233,8.38,8.309651358317065,8.16020704823409,0,0,0,5.85,12.9125,33.99,,,2,1,1,1,,,,39377,162224.85000000003
1768487400,8.46,8.94,8.25,8.79,8.405721086653653,8.217460952940081,0,0,0,5.85,12.9125,33.99,,,2,1,1,1,,,,32894,162119.25000000003
1768573800,8.65,8.73,8.25,8.325,8.389576869322923,8.227237229945528,0,0,0,5.85,12.9125,33.99,,,2,1,1,1,,,,41710,162346.50000000003
1768919400,8.31,8.31,7.5,7.6,8.231661495458338,8.170215663586843,0,0,0,5.85,12.9125,33.99,,,2,1,1,1,,,,79498,165299.2
1769005800,7.9,8.31,7.04,7.57,8.099329196366671,8.115650603260766,0,0,0,5.85,12.9125,33.99,,,2,1,1,1,,,,82090,166261.25000000003
1769092200,7.6,8.39,7.6,8.11,8.101463357093337,8.115136912055242,0,0,0,5.85,12.9125,33.99,,,2,1,1,1,,,,56843,166169.45
1769178600,8.25,9.6899,8.25,9.03,8.287170685674669,8.198306283686584,0,0,0,5.85,12.9125,33.99,,,2,1,1,1,,,,152546,172560.95
1769437800,8.9,8.9031,8.1101,8.23,8.275736548539735,8.201187530624168,0,0,0,5.85,12.9125,33.99,,,2,1,1,1,,,,61350,174402.30000000002
1769524200,8.3,9.09,8.22,8.75,8.370589238831787,8.251079573294698,0,0,0,5.85,12.9125,33.99,,,2,1,1,1,,,,55130,175532.2
1769610600,8.85,9.25,8.35,8.97,8.49047139106543,8.316435975722452,0,0,0,7.04,10.9,,,,1,1,1,1,,,,78911,160762.35000000003
1769697000,8.91,8.91,7.9,8.01,8.394377112852345,8.288578159747685,0,0,0,7.04,10.9,,,,1,1,1,1,,,,64308,158256.40000000005
1769783400,8.01,8.5958,7.31,7.31,8.177501690281876,8.199616508861531,0,0,0,7.04,10.9,,,,1,1,1,1,,,,39107,155890.2
1770042600,7.43,8.08,7.32,7.66,8.074001352225501,8.150560462601392,0,0,0,7.04,10.9,,,,1,1,1,1,,,,42333,81392.70000000004
1770129000,7.59,7.7,7.175,7.42,7.943201081780401,8.084145875092174,0,0,0,7.04,10.9,,,,1,1,1,1,,,,30747,70823.60000000002
1770215400,7.4,7.53,6.84,7.12,7.778560865424321,7.996496250083795,0,0,0,7.04,10.9,,,,1,1,1,1,,,,41519,67446.95000000003
1770301800,6.9,6.9604,6.37,6.46,7.514848692339457,7.85681477280345,0,0,0,7.04,10.9,,,,1,1,1,1,,,,74557,66824.6
1770388200,6.73,7.49,6.5507,6.85,7.381878953871565,7.765286157094045,0,0,0,7.04,10.9,,,,1,1,1,1,,,,76883,66404.55000000002
1770647400,6.8,7.19,6.74,6.74,7.253503163097252,7.67207832463095,0,0,0,7.04,10.9,,,,1,1,1,1,,,,27911,64236.700000000026
1770733800,6.93,6.93,6.21,6.265,7.055802530477802,7.544162113300863,0,0,0,7.04,10.9,,,,1,1,1,1,,,,52592,59529.65000000004
1770820200,6.4997,6.6,6.135,6.3,6.904642024382242,7.431056466637148,0,0,0,7.04,10.9,,,,1,1,1,1,,,,27468,57888.70000000003
1770906600,6,6.3,5.045,5.26,6.575713619505794,7.233687696942862,0,0,0,7.04,10.9,,,,1,1,1,1,,,,127122,62275.95000000003
1770993000,5.34,5.37,4.76,4.77,6.214570895604635,7.009716088129875,0,0,0,7.04,10.9,,,,1,1,1,1,,,,68294,64045.950000000026
1771338600,4.76,4.85,3.8701,4,5.771656716483708,6.736105534663523,0,0,0,7.04,10.9,,,,1,1,1,1,,,,128420,68381.45000000003
1771425000,4,4.01,3.3,3.31,5.279325373186967,6.424641395148657,0,0,0,7.04,10.9,,,,1,1,1,1,,,,178544,73333.75000000001
1771511400,3.3,3.58,2.94,3.2,4.863460298549573,6.13149217740787,0,0,0,7.04,10.9,,,,1,1,1,1,,,,271761,82817.3
1771597800,3.2,3.9199,3.15,3.91,4.672768238839659,5.929538343098064,0,0,0,7.04,10.9,,,,1,1,1,1,,,,291010,94525.65
1771857000,4.05,4.4,3.5901,3.76,4.490214591071727,5.732307584634603,0,0,0,7.04,10.9,,,,1,1,1,1,,,,126911,93243.89999999998
1771943400,3.78,3.9201,3.65,3.79,4.350171672857381,5.555734167849639,0,0,0,7.04,10.9,,,,1,1,1,1,,,,107056,95529.19999999997
1772029800,3.81,4.15,3.81,4.03,4.286137338285905,5.41703106168149,0,0,0,7.04,10.9,,,,1,1,1,1,,,,91122,97328.79999999996
1772116200,4.03,4.77,4.03,4.55,4.338909870628724,5.3382100560740815,0,0,0,2.94,9.6899,10.9,12.9125,33.99,1,1,1,1,,,,105192,98642.84999999996
1772202600,4.5,4.69,4.3,4.35,4.341127896502979,5.248372778249165,0,0,0,2.94,9.6899,10.9,12.9125,33.99,1,1,1,1,,,,81095,99482.19999999998
1772461800,4.21,4.465,4.21,4.22,4.316902317202383,5.154884343862878,0,0,0,2.94,9.6899,10.9,12.9125,33.99,1,1,1,1,,,,65712,100812.44999999998
1772548200,4.25,4.4199,3.9001,4.16,4.285521853761907,5.064440312602616,0,0,0,2.94,9.6899,10.9,12.9125,33.99,1,1,1,1,,,,39296,100660.59999999998
1772634600,4.22,4.22,4,4.1,4.248417483009526,4.976763920547833,0,0,0,2.94,9.6899,10.9,12.9125,33.99,1,1,1,1,,,,38304,101038.44999999997
1772721000,4.1,4.1471,3.95,4.1,4.218733986407621,4.897058109588939,0,0,0,2.94,9.6899,10.9,12.9125,33.99,1,1,1,1,,,,11571,99541.04999999996
1772807400,4.03,4.06,3.82,3.87,4.148987189126097,4.803689190535399,0,0,0,2.94,9.6899,10.9,12.9125,33.99,1,1,1,1,,,,40734,97849.89999999997
1773063000,3.85,3.9099,3.7,3.85,4.089189751300878,4.716990173214,0,0,0,2.94,9.6899,10.9,12.9125,33.99,1,1,1,1,,,,24567,95234.09999999996
1773149400,3.87,3.99,3.8114,3.94,4.059351801040702,4.646354702921818,0,0,0,2.94,9.6899,10.9,12.9125,33.99,1,1,1,1,,,,51155,96396.29999999996
1773235800,3.96,4.18,3.88,4.03,4.053481440832561,4.590322457201653,0,0,0,2.94,9.6899,10.9,12.9125,33.99,1,1,1,1,,,,48347,96184.04999999996
1773322200,4.08,4.13,3.88,4.02,4.0467851526660485,4.538474961092412,0,0,0,2.94,9.6899,10.9,12.9125,33.99,1,1,1,1,,,,20102,95815.74999999997
1773408600,4.1548,4.695,4.0011,4.69,4.175428122132839,4.552249964629465,0,0,0,2.94,9.6899,10.9,12.9125,33.99,1,1,1,1,,,,62772,92598.24999999997
1773667800,4.69,4.96,4.4,4.8,4.300342497706271,4.574772695117695,0,0,0,2.94,9.6899,10.9,12.9125,33.99,1,1,1,1,,,,89887,93677.89999999997
1773754200,4.89,6.1499,4.8,5.14,4.468273998165017,4.626156995561541,0,0,0,2.94,9.6899,10.9,12.9125,33.99,1,1,1,1,,,,200995,97306.64999999997
1773840600,5.09,5.33,4.77,5.28,4.630619198532014,4.68559726869231,0,0,0,2.94,9.6899,10.9,12.9125,33.99,1,1,1,1,,,,51954,90977.14999999997
1773927000,5.27,5.4618,5.08,5.32,4.768495358825612,4.743270244265736,0,0,0,2.94,9.6899,10.9,12.9125,33.99,1,1,1,1,,,,41242,79451.19999999997
1774013400,5.3033,5.32,5.1447,5.31,4.876796287060489,4.794791131150669,0,0,0,2.94,9.6899,10.9,12.9125,33.99,1,1,1,1,,,,25146,66157.99999999997
1774272600,5.44,5.64,5.33,5.48,4.997437029648391,4.857082846500608,0,0,0,2.94,9.6899,10.9,12.9125,33.99,1,1,1,1,,,,38709,61747.899999999965
1774359000,5.48,5.6,5.35,5.59,5.115949623718713,4.923711678636916,0,0,0,2.94,9.6899,10.9,12.9125,33.99,1,1,1,1,,,,37215,58255.849999999955
1774445400,5.77,6.26,5.7,6.14,5.32075969897497,5.034283344215378,0,0,0,2.94,9.6899,10.9,12.9125,33.99,1,1,1,1,,,,68013,57100.39999999995
1774531800,6.1,6.77,5.76,6.03,5.462607759179976,5.124803040195799,0,0,0,2.94,9.6899,10.9,12.9125,33.99,1,1,1,1,,,,99244,56802.999999999956
1774618200,5.97,6.07,5.7825,6,5.570086207343981,5.204366400177999,0,0,0,2.94,9.6899,10.9,12.9125,33.99,1,1,1,1,,,,22831,53889.799999999945
1774877400,6.13,6.3299,5.9,6.27,5.710068965875185,5.301242181979998,0,0,0,2.94,9.6899,10.9,12.9125,33.99,1,1,1,1,,,,49338,53071.099999999955
1774963800,6.21,6.5864,6.15,6.31,5.830055172700148,5.392947438163635,0,0,0,2.94,9.6899,10.9,12.9125,33.99,1,1,1,1,,,,57529,53982.749999999956
1775050200,6.245,6.245,6.01,6.22,5.908044138160118,5.468134034694213,0,0,0,2.94,9.6899,10.9,12.9125,33.99,1,1,1,1,,,,40597,54097.39999999995
1775136600,6.07,6.79,6.07,6.3,5.986435310528095,5.543758213358375,0,0,0,2.94,9.6899,10.9,12.9125,33.99,1,1,1,1,,,,79346,57486.14999999995
1775482200,6.03,6.13,5.6105,5.78,5.945148248422476,5.565234739416704,0,0,0,2.94,9.6899,10.9,12.9125,33.99,1,1,1,1,,,,96109,60254.89999999994
1775568600,5.7,5.78,5.62,5.78,5.9121185987379805,5.584758854015186,0,0,0,2.94,9.6899,10.9,12.9125,33.99,1,1,1,1,,,,24225,60237.799999999945
1775655000,5.99,5.99,5.67,5.7,5.8696948789903844,5.595235321831987,0,0,0,2.94,9.6899,10.9,12.9125,33.99,1,1,1,1,,,,18250,58592.549999999945
1775741400,5.65,7.25,5.63,7.18,6.131755903192308,5.739304838029079,1,0,0,2.94,9.6899,10.9,12.9125,33.99,1,2,2,1,1,,,124988,62424.59999999994
1775827800,7.13,7.22,6.8382,7.12,6.329404722553846,5.864822580026435,0,0,0,2.94,9.6899,10.9,12.9125,33.99,1,2,2,1,,,,45118,63675.39999999994
1776087000,7.14,7.21,6.81,7.12,6.4875237780430774,5.97892961820585,0,0,0,2.94,9.6899,10.9,12.9125,33.99,1,2,2,1,,,,20717,61572.64999999994
1776173400,7.12,7.25,6.52,6.86,6.562019022434462,6.059026925641682,0,0,0,2.94,9.6899,10.9,12.9125,33.99,1,2,2,1,,,,46802,59418.39999999994
1776259800,6.72,7.19,6.64,7.09,6.667615217947569,6.152751750583347,0,0,0,2.94,9.6899,10.9,12.9125,33.99,1,2,2,1,,,,28208,50779.049999999945
1776346200,7.27,7.27,6.83,7.02,6.738092174358055,6.231592500530315,0,0,0,2.94,9.6899,10.9,12.9125,33.99,1,2,2,1,,,,27871,49574.89999999995
1776432600,7.01,7.34,7,7.17,6.824473739486444,6.316902273209378,0,0,0,2.94,9.6899,10.9,12.9125,33.99,1,2,2,1,,,,31850,49105.29999999995
1776691800,7.15,7.4,5.84,5.93,6.645578991589155,6.281729339281252,0,0,0,2.94,9.6899,10.9,12.9125,33.99,1,2,2,1,,,,192327,57464.349999999955
1776778200,6.28,6.29,5.83,5.95,6.506463193271324,6.251572126619321,0,0,0,2.94,9.6899,10.9,12.9125,33.99,1,2,2,1,,,,80142,59535.99999999996
1776864600,5.9,5.9,3.82,4.02,6.009170554617059,6.048701933290292,0,0,1,2.94,9.6899,10.9,12.9125,33.99,1,1,1,1,,,1,351515,75250.99999999996
1776951000,4.31,4.44,3.605,3.72,5.551336443693647,5.837001757536629,0,0,0,2.94,9.6899,10.9,12.9125,33.99,1,1,1,1,,,,223389,83019.79999999996
1777037400,3.78,4.39,3.78,4.08,5.257069154954918,5.677274325033299,0,0,0,2.94,9.6899,10.9,12.9125,33.99,1,1,1,1,,,,201385,88126.84999999995
1777296600,4.21,4.62,4.1238,4.45,5.095655323963935,5.565703931848454,0,0,0,2.94,9.6899,10.9,12.9125,33.99,1,1,1,1,,,,86948,91332.69999999995
1777383000,4.44,4.44,4.1254,4.33,4.942524259171147,5.453367210771321,0,0,0,2.94,9.6899,10.9,12.9125,33.99,1,1,1,1,,,,35672,90649.39999999995
1777469400,4.35,4.73,4.245,4.7,4.894019407336918,5.384879282519383,0,0,0,2.94,9.6899,10.9,12.9125,33.99,1,1,1,1,,,,38445,89695.19999999995
1777555800,4.78,4.9999,4.6501,4.89,4.893215525869534,5.339890256835803,0,0,0,3.605,7.4,,,,1,1,1,1,,,,60364,90683.54999999996
1777642200,4.55,4.8579,4.4,4.45,4.804572420695627,5.258991142578003,0,0,0,3.605,7.4,,,,1,1,1,1,,,,150765,94254.49999999996
1777901400,4.51,4.75,4.25,4.64,4.771657936556502,5.202719220525457,0,0,0,3.605,7.4,,,,1,1,1,1,,,,94868,94192.44999999995
1777987800,4.71,4.77,4.55,4.74,4.765326349245202,5.160653836841324,0,0,0,3.605,7.4,,,,1,1,1,1,,,,61041,96033.24999999996
1778074200,4.74,5.6699,4.74,5.36,4.884261079396161,5.178776215310295,0,0,0,3.605,7.4,,,,1,1,1,1,,,,92372,99739.34999999995
1778160600,5.58,5.79,5.16,5.73,5.053408863516929,5.228887468463904,0,0,0,3.605,7.4,,,,1,1,1,1,,,,97003,98340.09999999995
1778247000,5.72,5.77,5.1292,5.21,5.084727090813543,5.227170425876277,0,0,0,3.605,7.4,,,,1,1,1,1,,,,71444,99656.39999999995
1778506200,5.21,5.5368,5.09,5.18,5.103781672650834,5.22288220534207,0,0,0,3.605,7.4,,,,1,1,1,1,,,,65048,101872.94999999995
1778592600,5.12,5.264,5.1,5.13,5.109025338120667,5.21443836849279,0,0,0,3.605,7.4,,,,1,1,1,1,,,,37589,101412.29999999994
1778679000,5.14,5.9027,5.12,5.72,5.231220270496534,5.260398516811628,0,0,0,3.605,7.4,,,,1,1,1,1,,,,78398,103921.79999999994
1778765400,5.61,5.81,5.58,5.69,5.322976216397227,5.29945319710148,0,0,0,3.605,7.4,,,,1,1,1,1,,,,37692,104412.84999999995
1778851800,5.56,5.74,5.46,5.55,5.368380973117781,5.322230179183164,0,0,0,3.605,7.4,,,,1,1,1,1,,,,29598,104300.24999999994
1779111000,5.53,5.53,4.59,4.72,5.238704778494225,5.267481981075603,0,0,0,3.605,7.4,,,,1,1,1,1,,,,60458,97706.79999999994
1779197400,4.61,4.69,4.3707,4.58,5.10696382279538,5.2049836191596395,0,0,0,3.605,7.4,,,,1,1,1,1,,,,19365,94667.94999999995
1779283800,4.77,4.79,4.55,4.72,5.029571058236304,5.1608941992360355,0,0,0,3.605,7.4,,,,1,1,1,1,,,,27223,78453.34999999995
1779370200,4.7,5.24,4.46,4.98,5.019656846589043,5.14444927203276,0,0,0,3.605,7.4,,,,1,1,1,1,,,,118576,73212.69999999992
1779456600,4.98,5.0115,4.69,4.8,4.975725477271234,5.1131357018479635,0,0,0,3.605,7.4,,,,1,1,1,1,,,,38915,65089.19999999993
1779802200,4.8,5,4.8,4.95,4.970580381816987,5.098305183498149,0,0,0,3.605,7.4,,,,1,1,1,1,,,,46754,63079.49999999993
1779888600,4.81,4.92,4.6,4.67,4.91046430545359,5.059368348634681,0,0,0,3.605,7.4,,,,1,1,1,1,,,,55331,64062.44999999993
1779975000,4.735,4.96,4.64,4.74,4.876371444362872,5.030334862395165,0,0,0,3.605,7.4,,,,1,1,1,1,,,,30255,63652.94999999993
1780061400,4.71,4.7299,4.56,4.65,4.831097155490298,4.995758965813787,0,0,0,3.605,7.4,,,,1,1,1,1,,,,15438,61406.64999999993
1780320600,4.96,5,4.74,4.93,4.850877724392238,4.9897808780125334,0,0,0,3.605,7.4,,,,1,1,1,1,,,,69377,57337.24999999992
1780407000,4.9,4.97,4.7971,4.97,4.874702179513791,4.987982616375031,0,0,0,3.605,7.4,,,,1,1,1,1,,,,18752,53531.44999999992
1780493400,5,5.1499,4.72,5.04,4.907761743611032,4.992711469431846,0,0,0,3.605,7.4,,,,1,1,1,1,,,,57561,53357.44999999992
1780579800,24.77,38.15,18.87,22.71,8.468209394888826,6.60337406311986,1,0,0,3.605,7.4,,,,2,1,1,1,1,,,105652839,5331380.8
1780666200,42.735,46,28,35.72,13.918567515911061,9.250340057381692,0,1,0,3.605,7.4,,,,3,1,1,1,,1,,38548013,7253931.3
1780925400,35.91,36,23.51,28.95,16.92485401272885,11.041218233983356,0,0,0,3.605,7.4,,,,3,1,1,1,,,,10099405,7755329.35
1781011800,23,24.6,20.3,20.47,17.63388321018308,11.898380212712143,0,0,0,3.605,7.4,,,,3,1,1,1,,,,3129452,7908549.55
1781098200,19.97,30,19.5001,27.59,19.625106568146464,13.324891102465584,0,0,0,3.605,7.4,,,,3,1,1,1,,,,4874587,8150399.45
1781184600,26.1,29.38,23.78,25.83,20.86608525451717,14.461719184059621,0,0,0,3.605,7.4,,,,3,1,1,1,,,,2150432,8254001.15
1781271000,24.21,28,24.21,25.27,21.746868203613737,15.444290167326928,0,0,0,3.605,7.4,,,,3,1,1,1,,,,1362528,8320242.95
1781530200,23.18,23.35,20.7,20.9,21.57749456289099,15.940263788479026,0,0,0,3.605,7.4,,,,3,1,1,1,,,,1113920,8374459.05
1781616600,21.55,22.15,19,20.83,21.42799565031279,16.38478526225366,0,0,0,3.605,7.4,,,,3,1,1,1,,,,1267199,8434796.1
1781703000,19.85,22,19.7,20.63,21.26839652025023,16.770713874776057,0,0,0,3.605,7.4,,,,3,1,1,1,,,,540620,8460858.85
1781789400,19.48,19.49,16.5101,17.45,20.504717216200184,16.832467158887326,0,0,0,3.605,7.4,,,,3,1,1,1,,,,621860,8490590.7
1782135000,16.68,17.3,14.65,15.16,19.435773772960147,16.68042468989757,0,0,0,3.605,7.4,,,,3,1,1,1,,,,506986,8510011.2
1782221400,13.21,14.1,12.805,13.28,18.204619018368117,16.371295172634156,0,0,0,3.605,7.4,,,,3,1,1,1,,,,371859,8526658.4
1782307800,12.76,12.76,11.5,11.83,16.929695214694494,15.958450156940142,0,0,0,3.605,7.4,,,,3,1,1,1,,,,367270,8542684.2
1782394200,11.6,12.99,11.22,12.43,16.029756171755594,15.637681960854675,0,0,0,3.605,7.4,,,,3,1,1,1,,,,341606,8556997.95