time,open,high,low,close,EMA 9,EMA 21,Entry,TP,SL
1738035900,1120.05,1150,1098.85,1131,1135.594398385931,1202.1222816255054,0,0,0
1738122300,1108.3,1150,1102,1135.5,1135.5755187087448,1196.0657105686412,0,0,0
1738208700,1141.85,1174.15,1133,1160.6,1140.5804149669957,1192.841555062401,0,0,0
1738295100,1167.45,1235.4,1158.2,1204.5,1153.3643319735966,1193.9014136930919,0,0,0
1738381500,1218.35,1292,1169.7,1280.15,1178.7214655788773,1201.742194266447,0,0,0
1738554300,1249.85,1305.05,1237.2,1297.45,1202.4671724631019,1210.4429038785884,0,0,0
1738640700,1280,1297.8,1270.6,1286.5,1219.2737379704815,1217.3571853441713,0,0,0
1738727100,1286.35,1303.75,1265.4,1268.4,1229.0989903763852,1221.997441221974,0,0,0
1738813500,1252.3,1267.15,1194.1,1198.7,1223.0191923011082,1219.8794920199764,0,0,0
1738899900,1202,1243,1202,1238.8,1226.1753538408866,1221.5995381999785,0,0,0
1739159100,1236,1244.95,1170.45,1176.65,1216.2702830727094,1217.513216545435,0,0,0
1739245500,1183,1184.75,1147.65,1170.45,1207.1062264581676,1213.2347423140318,0,0,0
1739331900,1168,1201.7,1150,1172.65,1200.214981166534,1209.5452202854835,0,0,0
1739418300,1178.5,1194.2,1165,1173.2,1194.8119849332272,1206.2411093504395,0,0,0
1739504700,1174.7,1185.75,1135.2,1153.55,1186.5595879465818,1201.4510085003994,0,0,0
1739763900,1144,1171.85,1123.6,1167.8,1182.8076703572654,1198.391825909454,0,0,0
1739850300,1162,1181.1,1148.55,1162.55,1178.7561362858123,1195.1334780995035,0,0,0
1739936700,1159,1199.2,1149.95,1181.75,1179.35490902865,1193.9167982722759,0,0,0
1740023100,1179.25,1200.9,1169.45,1192.5,1181.9839272229199,1193.7879984293418,0,0,0
1740109500,1188,1222.35,1182.8,1215.55,1188.697141778336,1195.7663622084924,0,0,0
1740368700,1197,1215,1185,1195,1189.9577134226688,1195.6966929168113,0,0,0
1740455100,1200.95,1214.35,1183.2,1196.6,1191.286170738135,1195.7788117425557,0,0,0
1740627900,1194,1215,1174.55,1194.95,1192.018936590508,1195.7034652205052,0,0,0
1740714300,1184.9,1194.9,1120.05,1130.9,1179.7951492724064,1189.8122411095503,0,0,0
1740973500,1131.25,1165.7,1101.25,1120.85,1168.0061194179252,1183.5429464632275,0,0,0
1741059900,1120.85,1135.35,1087.05,1117.95,1157.9948955343402,1177.5799513302068,0,0,0
1741146300,1115,1159.9,1111.9,1152.5,1156.8959164274722,1175.2999557547334,0,0,0
1741232700,1158,1172.75,1132,1138.15,1153.1467331419778,1171.9226870497578,0,0,0
1741319100,1138.15,1149.9,1103.6,1113,1145.1173865135822,1166.5660791361433,0,0,0
1741578300,1118,1128,1072.05,1075.7,1131.2339092108657,1158.305526487403,0,0,0
1741664700,1075.7,1149.95,1065,1132.35,1131.4571273686925,1155.9459331703665,0,0,0
1741751100,1122.1,1137.45,1075.65,1081.7,1121.505701894954,1149.1963028821515,0,0,0
1741837500,1086.45,1090.45,1050.15,1055.25,1108.2545615159631,1140.6557298928649,0,0,0
1742183100,1049,1075,1035.15,1064,1099.4036492127705,1133.6870271753317,0,0,0
1742269500,1069.6,1116.5,1059.65,1112.1,1101.9429193702163,1131.7245701593924,0,0,0
1742355900,1113.5,1190.4,1113.5,1177.45,1117.044335496173,1135.8814274176295,0,0,0
1742442300,1180,1238.1,1178.1,1193.75,1132.3854683969384,1141.1422067432995,0,0,0
1742528700,1179,1224.4,1164.55,1180.75,1142.0583747175508,1144.7429152211814,0,0,0
1742787900,1190,1240,1188.45,1216.75,1156.9966997740407,1151.2890138374376,0,0,0
1742874300,1229.65,1251,1198.8,1209.8,1167.5573598192325,1156.6081943976706,0,0,0
1742960700,1210.25,1252.95,1190,1197.35,1173.515887855386,1160.3119949069733,0,0,0
1743047100,1193,1255,1190,1241.3,1187.0727102843086,1167.674540824521,0,0,0
1743133500,1241.75,1248.35,1191,1195.8,1188.818168227447,1170.2314007495645,0,0,0
1743479100,1205,1205,1147,1157.2,1182.4945345819576,1169.0467279541494,0,0,0
1743565500,1163.65,1223,1163.65,1218.45,1189.685627665566,1173.5379345037722,0,0,0
1743651900,1189,1231.75,1175.15,1217.75,1195.2985021324528,1177.5572131852475,0,0,0
1743738300,1211,1222.25,1161.1,1180.85,1192.408801705962,1177.856557441134,0,0,0
1743997500,1116.55,1144.95,1076,1106.6,1175.2470413647698,1171.3786885828492,0,0,0
1744083900,1120,1149.8,1111,1132.7,1166.7376330918157,1167.8624441662266,0,0,0
1744170300,1134.05,1134.05,1095.3,1111.25,1155.6401064734525,1162.7158583329333,0,0,0
1744343100,1102.5,1149,1102.5,1122.6,1149.032085178762,1159.0689621208485,0,0,0
1744688700,1157,1216.9,1145,1214,1162.0256681430096,1164.062692837135,0,0,0
1744775100,1240,1254.9,1225.2,1240.8,1177.7805345144077,1171.0388116701229,0,0,0
1744861500,1240.4,1262.4,1225,1236.1,1189.4444276115262,1176.9534651546571,0,0,0
1745207100,1250,1308,1239,1293.4,1210.2355420892209,1187.539513776961,0,0,0
1745293500,1300,1339.9,1285,1313.4,1230.8684336713768,1198.9813761608737,0,0,0
1745379900,1331.7,1369.8,1330,1366.4,1257.9747469371014,1214.2012510553398,0,0,0
1745466300,1379.9,1380.3,1307.3,1320.2,1270.419797549681,1223.8375009593997,0,0,0
1745552700,1355.5,1390,1293,1305.1,1277.3558380397449,1231.2250008721815,0,0,0
1745811900,1314.7,1332.8,1272.6,1310.2,1283.924670431796,1238.4045462474378,0,0,0
1745898300,1315,1320.1,1284,1288,1284.7397363454368,1242.9132238613072,0,0,0
1745984700,1320.9,1362.7,1303.1,1329.3,1293.6517890763494,1250.766567146643,0,0,0
1746157500,1319.9,1382.5,1315,1341.5,1303.2214312610795,1259.0150610424027,0,0,0
1746416700,1359,1359,1318.1,1333.6,1309.2971450088635,1265.795510038548,0,0,0
1746503100,1325.1,1345.9,1288,1296,1306.6377160070908,1268.5413727623163,0,0,0
1746589500,1270,1306.9,1268.4,1302,1305.7101728056728,1271.5830661475602,0,0,0
1746675900,1305,1317.4,1270.3,1287.8,1302.1281382445381,1273.0573328614184,0,0,0
1746762300,1250,1271,1225,1234.3,1288.5625105956306,1269.533938964926,0,0,0
1747021500,1300,1311.8,1281.2,1305.4,1291.9300084765046,1272.7944899681145,0,0,0
1747107900,1305.9,1315.9,1262.4,1273.8,1288.3040067812037,1272.8858999710133,0,0,0
1747194300,1250,1328,1250,1316.5,1293.943205424963,1276.8508181554666,0,0,0
1747280700,1317.7,1378.8,1306,1371,1309.3545643399705,1285.409834686788,0,0,0
1747367100,1378,1411.8,1353.3,1394.8,1326.4436514719764,1295.3543951698073,0,0,0
1747626300,1394.8,1432,1379.3,1422,1345.554921177581,1306.867631972552,0,0,0
1747712700,1430,1434,1375,1380.2,1352.483936942065,1313.5342108841382,0,0,0
1747799100,1383.9,1424,1379.6,1409,1363.787149553652,1322.2129189855802,0,0,0
1747885500,1400,1420.8,1382,1409.7,1372.9697196429215,1330.1662899868911,0,0,0
1747971900,1408.4,1425,1405.1,1412.8,1380.9357757143373,1337.6784454426283,0,0,0
1748231100,1420,1469.9,1411.2,1439.1,1392.5686205714699,1346.8985867660258,0,0,0
1748317500,1442,1470,1423.5,1453.4,1404.7348964571759,1356.5805334236597,0,0,0
1748403900,1460,1483.5,1452.5,1467.8,1417.3479171657407,1366.6913940215088,0,0,0
1748490300,1474,1474,1432.1,1457,1425.2783337325925,1374.9012672922806,0,0,0
1748576700,1459.8,1462,1418.6,1425.5,1425.322666986074,1379.5011520838914,0,0,0
1748835900,1420,1445,1412.1,1433.9,1427.0381335888592,1384.4465018944468,0,0,0
1748922300,1459,1475,1438.5,1446.6,1430.9505068710873,1390.0968199040426,0,0,0
1749008700,1472.8,1472.8,1434.2,1444.8,1433.72040549687,1395.0698362764024,0,0,0
1749095100,1458.9,1479.9,1451,1461.7,1439.316324397496,1401.1271238876386,0,0,0
1749181500,1465,1529.9,1465,1516,1454.6530595179968,1411.570112625126,0,0,0
1749440700,1530,1531,1501,1511.7,1466.0624476143973,1420.6728296592055,0,0,0
1749527100,1515,1517.4,1462.1,1467.4,1466.329958091518,1424.9207542356414,0,0,0
1749613500,1467.4,1491,1461.1,1475.8,1468.2239664732144,1429.5461402142196,0,0,0
1749699900,1477.9,1477.9,1445.2,1449.1,1464.3991731785716,1431.3237638311086,0,0,0
1749786300,1433.2,1458,1420,1452.6,1462.0393385428572,1433.2579671191897,0,0,0
1750045500,1455.9,1474.8,1437,1470.6,1463.7514708342858,1436.6526973810817,0,0,0
1750131900,1475.7,1504,1443.1,1446,1460.2011766674286,1437.5024521646196,0,0,0
1750218300,1450,1469.5,1433.5,1443.2,1456.800941333943,1438.0204110587451,0,0,0
1750304700,1439.9,1468.5,1415.2,1425.4,1450.5207530671544,1436.8731009624955,0,0,0
1750391100,1430,1497,1428,1483.2,1457.0566024537236,1441.0846372386322,0,0,0
1750650300,1477.8,1495,1461.3,1473.3,1460.3052819629788,1444.0133065805749,0,0,0
1750736700,1496,1509.8,1467.3,1470.5,1462.344225570383,1446.4211878005226,0,0,0
1750823100,1481,1495.7,1447.2,1456.6,1461.1953804563063,1447.3465343641114,0,0,0
1750909500,1461.4,1467.3,1420.2,1441.4,1457.236304365045,1446.8059403310103,0,0,0
1750995900,1449.9,1453,1415.9,1422.2,1450.229043492036,1444.569036664555,0,0,0
1751255100,1427.2,1430,1382,1384.2,1437.0232347936287,1439.0809424223226,0,0,0
1751341500,1393.2,1396.3,1363.6,1391.5,1427.918587834903,1434.7554022021113,0,0,0
1751427900,1390,1407,1380,1398.8,1422.0948702679225,1431.4867292746467,0,0,0
1751514300,1399,1406.3,1365.9,1368.9,1411.455896214338,1425.7970266133152,0,0,0
1751600700,1371,1382,1354.3,1368.1,1402.7847169714705,1420.551842375741,0,0,0
1751859900,1366,1384.4,1359,1377.3,1397.6877735771764,1416.619856705219,0,0,0
1751946300,1385,1389.3,1352,1374.9,1393.130218861741,1412.8271424592901,0,0,0
1752032700,1370,1397.3,1360.7,1390.1,1392.5241750893929,1410.7610385993546,0,0,0
1752119100,1386,1413.9,1383,1411.8,1396.3793400715142,1410.8554896357768,0,0,0
1752205500,1411.8,1422,1393,1400.1,1397.1234720572113,1409.8777178507062,0,0,0
1752464700,1400.1,1423.2,1387,1419.7,1401.638777645769,1410.770652591551,0,0,0
1752551100,1426.7,1439.9,1416.3,1434,1408.1110221166152,1412.8824114468646,0,0,0
1752637500,1434,1449.5,1431.2,1440.2,1414.5288176932922,1415.3658285880588,0,0,0
1752723900,1446.8,1455,1433.2,1440.4,1419.7030541546337,1417.6416623527807,0,0,0
1752810300,1447,1458.7,1441.1,1444.9,1424.742443323707,1420.1196930479825,0,0,0
1753069500,1443.4,1451,1431,1448.7,1429.5339546589655,1422.7179027708933,0,0,0
1753155900,1461.5,1461.5,1434,1442.3,1432.0871637271723,1424.4980934280848,0,0,0
1753242300,1400,1404,1330.1,1334,1412.469730981738,1416.2709940255315,0,0,0
1753328700,1336,1337,1304.3,1326.1,1395.1957847853903,1408.0736309323013,0,0,0
1753415100,1317.6,1319.5,1275.1,1279.4,1372.0366278283122,1396.376028120274,0,0,0
1753674300,1280,1284,1190.6,1203.2,1338.2693022626497,1378.8145710184308,0,0,0
1753760700,1211.1,1256,1211.1,1246.5,1319.9154418101198,1366.7859736531188,0,0,0
1753847100,1246.6,1255.5,1232.5,1238.2,1303.5723534480958,1355.0963396846535,0,0,0
1753933500,1218,1252.3,1216.1,1231.6,1289.1778827584767,1343.8693997133214,0,0,0
1754019900,1237,1242.3,1197.6,1207.9,1272.9223062067813,1331.5085451939285,0,0,0
1754279100,1214.3,1246.6,1203,1244,1267.137844965425,1323.5532229035714,0,0,0
1754365500,1246,1247.1,1222,1234,1260.51027597234,1315.4120208214285,0,0,0
1754451900,1236.9,1246.4,1208.6,1227.5,1253.908220777872,1307.4200189285714,0,0,0
1754538300,1210,1235,1201.5,1222.4,1247.6065766222976,1299.6909262987012,0,0,0
1754624700,1221.8,1231.8,1196,1202.6,1238.605261297838,1290.8644784533647,0,0,0
1754883900,1209,1227.9,1198.1,1224.9,1235.8642090382705,1284.867707684877,0,0,0
1754970300,1225,1233.5,1210.9,1214.2,1231.5313672306163,1278.4433706226155,0,0,0
1755056700,1214.2,1230.7,1214.2,1225.8,1230.385093784493,1273.6576096569231,0,0,0
1755143100,1229.9,1239.9,1228.2,1231.6,1230.6280750275944,1269.834190597203,0,0,0
1755488700,1248,1269.9,1238,1247,1233.9024600220755,1267.7583550883662,0,0,0
1755575100,1254.9,1260,1226.1,1257.8,1238.6819680176604,1266.8530500803329,0,0,0
1755661500,1259.4,1302.4,1254,1300,1250.9455744141283,1269.866409163939,0,0,0
1755747900,1313,1327.6,1290.5,1293.6,1259.4764595313027,1272.0240083308536,0,0,0
1755834300,1293.6,1301,1260,1261,1259.7811676250421,1271.0218257553215,0,0,0
1756093500,1266.8,1284.9,1262,1264.4,1260.7049341000338,1270.419841595747,0,0,0
1756179900,1265.2,1268.9,1229.1,1236.8,1255.923947280027,1267.36349235977,0,0,0
1756352700,1239,1247.7,1205.1,1208.2,1246.3791578240216,1261.9849930543362,0,0,0
1756439100,1200,1216.2,1182.6,1192.3,1235.5633262592173,1255.6499936857601,0,0,0
1756698300,1180,1210.7,1180,1207.2,1229.8906610073739,1251.2454488052365,0,0,0
1756784700,1213.5,1216.7,1188.6,1194.6,1222.832528805899,1246.095862550215,0,0,0
1756871100,1194.6,1205,1191.6,1201.4,1218.5460230447193,1242.0326023183773,0,0,0
1756957500,1220,1226.4,1183.5,1192,1213.2368184357754,1237.4841839257974,0,0,0
1757043900,1192,1207.3,1168,1174.9,1205.5694547486203,1231.7947126598158,0,0,0
1757303100,1187.9,1192,1177.2,1181.6,1200.7755637988962,1227.2315569634688,0,0,0
1757389500,1186,1186,1170.4,1172.4,1195.100451039117,1222.24686996679,0,0,0
1757475900,1176.9,1193,1172.4,1181.6,1192.4003608312935,1218.551699969809,0,0,0
1757562300,1186.4,1187.6,1173,1179.6,1189.8402886650347,1215.0106363361901,0,0,0
1757648700,1214.5,1217.2,1161.1,1168.3,1185.5322309320277,1210.764214851082,0,0,0
1757907900,1174.1,1201,1159.6,1187.8,1185.9857847456221,1208.6765589555291,0,0,0
1757994300,1187.8,1211.4,1182.7,1200.7,1188.9286277964977,1207.9514172322993,0,0,0
1758080700,1206,1210.3,1194.2,1204.6,1192.0629022371982,1207.6467429384538,0,0,0
1758167100,1200,1216.9,1198,1204.7,1194.5903217897585,1207.3788572167762,0,0,0
1758253500,1212.1,1223,1199.1,1216.1,1198.8922574318067,1208.1716883788874,0,0,0
1758512700,1220,1229,1206.2,1212.3,1201.5738059454454,1208.5469894353523,0,0,0
1758599100,1212.3,1217.7,1194.4,1205.4,1202.3390447563563,1208.260899486684,0,0,0
1758685500,1205.4,1207.2,1175,1179.4,1197.7512358050851,1205.637181351531,0,0,0
1758771900,1179.4,1181.4,1145,1149.4,1188.0809886440682,1200.5247103195736,0,0,0
1758858300,1149.4,1157.9,1136.1,1141.1,1178.6847909152546,1195.122463926885,0,0,0
1759117500,1152.8,1157,1139.5,1155.3,1174.0078327322037,1191.5022399335319,0,0,0
1759203900,1165,1165,1128.3,1135.8,1166.366266185763,1186.4383999395745,0,0,0
1759290300,1141.5,1159.8,1135.8,1139.8,1161.0530129486103,1182.1985453996133,0,0,0
1759463100,1144.7,1147,1108,1113,1151.4424103588883,1175.907768545103,0,0,0
1759722300,1122,1122.2,1105.3,1115.1,1144.1739282871106,1170.3797895864573,0,0,0
1759808700,1118,1152.2,1098.8,1145,1144.3391426296885,1168.0725359876885,0,0,0
1759895100,1150,1160,1125,1128.7,1141.2113141037507,1164.4932145342623,0,0,0
1759981500,1137.5,1141.7,1115.1,1128.7,1138.7090512830007,1161.2392859402385,0,0,0
1760067900,1130.3,1161.3,1120.6,1155.9,1142.1472410264005,1160.7538963093077,0,0,0
1760327100,1155,1157.9,1139.8,1154.3,1144.5777928211203,1160.167178463007,0,0,0
1760413500,1165.1,1168,1136.5,1142,1144.0622342568963,1158.5156167845519,0,0,0
1760499900,1148,1187.4,1144.2,1172,1149.6497874055171,1159.741469804138,0,0,0
1760586300,1177,1197,1175,1194.8,1158.6798299244138,1162.9286089128527,0,0,0
1760672700,1194.8,1197.5,1178.4,1186.9,1164.323863939531,1165.1078262844117,0,0,0
1760931900,1194.9,1194.9,1174,1185.6,1168.5790911516249,1166.970751167647,0,0,0
1761034500,1196,1196.9,1179,1184.8,1171.8232729212998,1168.591591970588,0,0,0
1761191100,1196,1196,1172,1175.3,1172.51861833704,1169.2014472459891,0,0,0
1761277500,1184.1,1199.5,1168.2,1172.9,1172.594894669632,1169.5376793145356,0,0,0
1761536700,1184,1189.5,1174,1177,1173.4759157357055,1170.2160721041232,0,0,0
1761623100,1177,1181.9,1163.2,1169,1172.5807325885644,1170.1055200946575,0,0,0
1761709500,1172,1190.4,1167.7,1179.2,1173.9045860708516,1170.9322909951431,0,0,0
1761795900,1187.8,1189.9,1166.6,1171.4,1173.4036688566812,1170.9748099955848,0,0,0
1761882300,1199,1214,1184.2,1197.9,1178.3029350853449,1173.4225545414408,0,0,0
1762141500,1200,1240,1196.8,1235.1,1189.6623480682758,1179.0295950376735,0,0,0
1762227900,1242,1244,1220,1222.9,1196.3098784546207,1183.0178136706122,0,0,0
1762400700,1222,1237.5,1213.9,1232.5,1203.5479027636966,1187.516194246011,0,0,0
1762487100,1232.5,1233.9,1199.3,1226.6,1208.1583222109573,1191.0692674963736,0,0,0
1762746300,1226.1,1232.5,1203.1,1206.1,1207.7466577687658,1192.435697723976,0,0,0
1762832700,1206.1,1225.5,1195.1,1221,1210.3973262150125,1195.0324524763419,0,0,0
1762919100,1221,1243,1211.4,1217.2,1211.7578609720101,1197.0476840694016,0,0,0
1763005500,1220,1234.8,1215,1217.6,1212.926288777608,1198.9160764267288,0,0,0
1763091900,1213.1,1217,1201.5,1209.5,1212.2410310220864,1199.878251297026,0,0,0
1763351100,1212.4,1223,1210.5,1220.3,1213.8528248176692,1201.7347739063873,0,0,0
1763437500,1225,1232,1186.6,1192,1209.4822598541355,1200.849794460352,0,0,0
1763523900,1192.1,1206.4,1176.7,1202,1207.9858078833083,1200.9543586003201,0,0,0
1763610300,1206.9,1206.9,1191.4,1200.8,1206.5486463066466,1200.940326000291,0,0,0
1763696700,1201,1202,1161.9,1176.8,1200.5989170453172,1198.7457509093554,0,0,0
1763955900,1180,1181,1155.6,1159.9,1192.4591336362537,1195.2143190085048,0,0,0
1764042300,1160,1174.6,1156,1160.2,1186.0073069090029,1192.0311990986409,0,0,0
1764128700,1165,1175,1157.9,1163.6,1181.5258455272024,1189.446544635128,0,0,0
1764215100,1167.6,1172,1151.2,1156.6,1176.5406764217619,1186.4604951228437,0,0,0
1764301500,1166,1178.6,1145.3,1148.2,1170.8725411374096,1182.9822682934941,0,0,0
1764560700,1156.3,1158,1125.1,1128.2,1162.3380329099277,1178.0020620849946,0,0,0
1764647100,1127,1130.5,1114.5,1119.8,1153.8304263279422,1172.7109655318131,0,0,0
1764733500,1120,1126,1100,1103.9,1143.8443410623538,1166.4554232107391,0,0,0
1764819900,1105,1120,1093.6,1109.5,1136.975472849883,1161.2776574643083,0,0,0
1764906300,1113.5,1124.9,1102,1111.6,1131.9003782799064,1156.7615067857348,0,0,0
1765165500,1115.4,1115.9,1066,1072,1119.9203026239252,1149.0559152597589,0,0,0
1765251900,1072,1078.5,1056.2,1076,1111.1362420991402,1142.4144684179626,0,0,0
1765338300,1081,1097.4,1064.8,1072.3,1103.368993679312,1136.0404258345113,0,0,0
1765424700,1070,1085.5,1067.1,1080.5,1098.7951949434496,1130.991296213192,0,0,0
1765511100,1087.2,1096.2,1079.4,1091.1,1097.2561559547596,1127.3648147392655,0,0,0
1765770300,1092,1101.9,1075.6,1091,1096.0049247638076,1124.0589224902415,0,0,0
1765856700,1092,1099.5,1071,1075.4,1091.883939811046,1119.6353840820377,0,0,0
1765943100,1121,1129.3,1058.4,1063.8,1086.2671518488369,1114.5594400745797,0,0,0
1766029500,1063,1076,1047.6,1069.1,1082.8337214790695,1110.4267637041632,0,0,0
1766115900,1078.6,1093.7,1071.4,1090.2,1084.3069771832556,1108.5879670037848,0,0,0
1766375100,1098,1108.7,1090.2,1095.5,1086.5455817466045,1107.3981518216226,0,0,0
1766461500,1093,1093.9,1080.1,1082.8,1085.7964653972836,1105.161956201475,0,0,0
1766547900,1082.8,1090.9,1075.1,1080.1,1084.6571723178267,1102.8835965467954,0,0,0
1766720700,1079.4,1085,1069.7,1073.5,1082.4257378542613,1100.2123604970868,0,0,0
1766979900,1075,1082.4,1061.5,1064.7,1078.880590283409,1096.9839640882608,0,0,0
1767066300,1064,1068.7,1053,1056.9,1074.4844722267271,1093.3399673529643,0,0,0
1767152700,1062.9,1070,1056.2,1061.3,1071.8475777813817,1090.4272430481494,0,0,0
1767239100,1061,1074.9,1061,1072.8,1072.0380622251053,1088.8247664074086,0,0,0
1767325500,1074,1089.1,1070.2,1085.7,1074.7704497800842,1088.5406967340077,0,0,0
1767584700,1090.7,1130,1086.2,1120,1083.8163598240674,1091.4006333945524,0,0,0
1767671100,1125.4,1126.4,1100.5,1112.1,1089.4730878592538,1093.2823939950476,0,0,0
1767757500,1120,1138.5,1104.2,1110.9,1093.758470287403,1094.8839945409525,0,0,0
1767843900,1114,1128.8,1085.1,1090.2,1093.0467762299224,1094.4581768554112,0,0,0
1767930300,1082,1082.1,1052.8,1061.4,1086.717420983938,1091.4528880503738,0,0,0
1768189500,1061.5,1080.5,1040.2,1077.8,1084.9339367871503,1090.2117164094307,0,0,0
1768275900,1078,1088.4,1060,1074.4,1082.8271494297203,1088.774287644937,0,0,0
1768362300,1054.4,1069.6,1047.5,1058.8,1078.0217195437763,1086.0493524044882,0,0,0
1768535100,1055,1086.9,1055,1070.9,1076.597375635021,1084.6721385495348,0,0,0
1768794300,1064.3,1073.6,1036.8,1044,1070.077900508017,1080.974671408668,0,0,0
1768880700,1045.7,1045.7,971.8,979.3,1051.9223204064135,1071.7315194624255,0,0,0
1768967100,976.7,989,961.3,980.2,1037.5778563251308,1063.4104722385687,0,0,0
1769053500,980.5,988.5,937,945.5,1019.1622850601046,1052.6913383986987,0,0,0
1769139900,945.5,947.9,892.7,900.3,995.3898280480837,1038.8375803624533,0,0,0
1769485500,910.8,913.5,863.8,907.2,977.751862438467,1026.8705276022304,0,0,0
1769571900,912,933.8,909,929.1,968.0214899507736,1017.9822978202094,0,0,0
1769658300,920,959,904.1,951.4,964.6971919606189,1011.9293616547358,0,0,0
1769744700,947.7,977,936,971.5,966.0577535684951,1008.2539651406689,0,0,0
1769917500,976,976,878.4,917.7,956.386202854796,1000.0217864915172,0,0,0
1770003900,926.1,965.8,918,961.45,957.3989622838368,996.5152604468338,0,0,0
1770090300,984.5,1046.55,984.5,1031.9,972.2991698270695,999.7320549516671,0,0,0
1770176700,1029,1059.8,1013.25,1056.5,989.1393358616556,1004.8927772287883,0,0,0
1770263100,1049,1051.25,1033.4,1048.55,1001.0214686893245,1008.8616156625349,0,0,0
1770349500,1051.2,1066.55,1027.4,1055.1,1011.8371749514596,1013.0651051477589,0,0,0
1770608700,1065,1095,1056.55,1090.4,1027.5497399611677,1020.0955501343263,0,0,0
1770695100,1100,1100,1080.1,1095.05,1041.0497919689342,1026.9095910312058,0,0,0
1770781500,1091,1098.9,1080.45,1094.9,1051.8198335751474,1033.0905373010962,0,0,0
1770867900,1089.1,1096.05,1080,1084.85,1058.4258668601178,1037.7959430009967,0,0,0
1770954300,1071.25,1079.05,1045.9,1073.6,1061.4606934880942,1041.0508572736333,0,0,0
1771213500,1073.4,1100,1060.2,1097.9,1068.7485547904753,1046.2189611578485,0,0,0
1771299900,1090,1105,1085.2,1096.95,1074.3888438323802,1050.8308737798623,0,0,0
1771386300,1100,1113.2,1088.85,1108.15,1081.1410750659043,1056.0417034362383,0,0,0
1771472700,1100.5,1108.15,1061.05,1067.05,1078.3228600527234,1057.0424576693076,0,0,0
1771559100,1060.3,1083.75,1057.35,1071.15,1076.8882880421788,1058.3249615175523,0,0,0
1771818300,1076.45,1085.4,1064,1072.9,1076.0906304337432,1059.6499650159567,0,0,0
1771904700,1065,1078.45,1024.65,1040.8,1069.0325043469945,1057.936331832688,0,0,0
1771991100,1044.45,1059.15,1015.65,1022.5,1059.7260034775957,1054.7148471206253,0,0,0
1772077500,1022.7,1030.9,998,1011.5,1050.0808027820765,1050.786224655114,0,0,0
1772163900,1012,1013,984.7,988.25,1037.7146422256612,1045.101113322831,0,0,0
1772423100,948.5,978.7,948.5,966.2,1023.411713780529,1037.9282848389373,0,0,0
1772595900,952,954,905.1,912.85,1001.2993710244232,1026.5575316717611,0,0,0
1772682300,924.9,929,901.1,916.25,984.2894968195385,1016.5295742470556,0,0,0
1772768700,916.25,919.7,885.95,889.25,965.2815974556308,1004.9587038609596,0,0,0
1773027900,869.95,892.7,850.45,888.85,949.9952779645047,994.4033671463269,0,0,0
1773114300,901.4,906.9,890,901.95,940.3862223716037,985.99851558757,0,0,0
1773200700,903.95,919.7,877.2,880.4,928.388977897283,976.3986505341545,0,0,0
1773287100,875,887.05,860.35,869.05,916.5211823178264,966.6396823037768,0,0,0
1773373500,865,877.55,857.05,866.35,906.4869458542611,957.5224384579789,0,0,0
1773632700,868,874.6,831.95,848.75,894.9395566834089,947.634034961799,0,0,0
1773719100,860,860.3,835,842.2,884.3916453467272,938.0491226925445,0,0,0
1773805500,847.4,871.35,846.1,854.15,878.3433162773817,930.421929720495,0,0,0
1773891900,846.5,846.5,812,817.95,866.2646530219054,920.1972088368136,0,0,0
1773978300,822.4,835.1,792.3,796.9,852.3917224175243,908.9883716698306,0,0,0
1774237500,789,789,724,727.9,827.4933779340195,892.5257924271187,0,0,0
1774323900,740,742,715.45,726.4,807.2747023472156,877.423447661017,0,0,0
1774410300,747.6,759.85,725.1,733.85,792.5897618777725,864.3713160554701,0,0,0
1774583100,725,729.65,691.85,700.2,774.111809502218,849.4466509595183,0,0,0
1774842300,692,702.95,672.6,677,754.6894476017744,833.7696826904711,0,0,0
1775015100,692,697,677.45,685.35,740.8215580814195,820.2769842640646,0,0,0
1775101500,675,702.95,650.8,696.05,731.8672464651356,808.9836220582405,0,0,0
1775447100,696.05,715.8,686.65,710.25,727.5437971721085,800.0078382347641,0,0,0
1775533500,710,723.9,702.4,717.65,725.5650377376868,792.5207620316037,0,0,0
1775619900,754.8,782.2,754.05,778.85,736.2220301901494,791.277965483276,0,0,0
1775706300,782,793.25,762.4,789.55,746.8876241521195,791.1208777120692,0,0,0
1775792700,790,842,790,826.55,762.8200993216956,794.341707010972,0,0,0
1776051900,788,827.4,784.3,820.7,774.3960794573564,796.7379154645199,0,0,0
1776224700,842,863.1,837.65,860.5,791.6168635658852,802.5344686041091,0,0,0
1776311100,869.9,878.45,848.4,873.5,807.9934908527082,808.98588054919,0,0,0
1776397500,877.3,878.7,857.2,872.55,820.9047926821665,814.7644368629,0,0,0
1776656700,869,873.65,846.85,856.55,828.0338341457332,818.5631244208181,0,0,0
1776743100,860.1,888.5,860.1,875.7,837.5670673165865,823.7573858371073,0,0,0
1776829500,878.15,894.8,872.55,884.8,847.0136538532693,829.3067143973703,0,0,0
1776915900,878.05,880,854.6,856.5,848.9109230826155,831.7788312703367,0,0,0
1777002300,857.1,868.2,833.8,840.7,847.2687384660924,832.589846609397,0,0,0
1777261500,851.6,885,836.35,879.45,853.7049907728739,836.8498605539972,0,0,0
1777347900,873,890,872.05,882.9,859.5439926182991,841.0362368672702,0,0,0
1777434300,885,921.45,882,912.7,870.1751940946392,847.551124424791,0,0,0
1777520700,912.65,914.3,892.7,897.9,875.7201552757114,852.1282949316283,0,0,0
1777866300,901.1,929.9,901.1,923.6,885.2961242205691,858.6257226651167,0,0,0
1777952700,916.35,931.7,901,907.8,889.7968993764553,863.0961115137424,0,0,0
1778039100,911.95,950.25,909.25,949.15,901.6675195011642,870.9191922852203,0,0,0
1778125500,950,970,931,967.35,914.8040156009314,879.6856293502003,0,0,0
1778211900,967.35,974.9,956.35,962.1,924.2632124807451,887.1778448638184,0,0,0
1778471100,956.6,956.6,922.55,931.1,925.630569984596,891.1707680580167,0,0,0
1778557500,923.75,926.25,876.85,879.35,916.3744559876768,890.0961527800152,0,0,0
1778643900,873.55,889,869.1,874,907.8995647901414,888.6328661636502,0,0,0
1778730300,884.05,887,854.1,872.85,900.8896518321131,887.1980601487729,0,0,0
1778816700,877.2,879.75,845,849.95,890.7017214656905,883.8118728625209,0,0,0
1779075900,833.4,861.2,830.2,857.75,884.1113771725525,881.4426116932008,0,0,0
1779162300,845.7,904,845.7,892.2,885.729101738042,882.420556084728,0,0,0
1779248700,883.35,884.3,856.1,880,884.5832813904336,882.2005055315709,0,0,0
1779335100,882.65,903.35,878.65,883.75,884.4166251123469,882.3413686650645,0,0,0
1779421500,889,894.2,875,886.75,884.8833000898775,882.7421533318768,0,0,0
1779680700,903.85,909.85,897.05,906.85,889.276640071902,884.9337757562516,0,0,0
1779767100,910,912.5,899.85,903.7,892.1613120575216,886.639796142047,0,0,0
1779853500,910,935,903.8,923.65,898.4590496460173,890.0043601291336,0,0,0
1780026300,923.65,969,923.6,938.1,906.3872397168138,894.3766910264851,0,0,0
1780285500,941.15,942,887.6,893,903.7097917734511,894.2515372968046,0,0,0
1780371900,888,908,871,903.8,903.7278334187608,895.1195793607314,0,0,0
1780458300,903.8,903.8,871.55,879.2,898.8222667350087,893.6723448733923,0,0,0
1780544700,872,895,856.5,881.75,895.407813388007,892.5884953394475,0,0,0
1780631100,891,909,884.2,894.45,895.2162507104056,892.7577230358613,0,0,0
1780890300,880.1,889.85,865,870.9,890.3530005683244,890.7706573053284,0,0,0
1780976700,862.4,895,862.2,887.9,889.8624004546596,890.5096884593895,0,0,0
1781063100,888,890.6,856.4,862,884.2899203637277,887.917898599445,0,0,0
1781149500,861.55,871.55,848,868.05,881.0419362909821,886.1117259994954,0,0,0
1781235900,885.05,901,875.6,899.3,884.6935490327857,887.3106599995413,0,0,0
1781495100,919.5,942.95,917.7,920.85,891.9248392262285,890.3596909086739,0,0,0
1781581500,925.95,939.9,916.45,937.95,901.1298713809829,894.686082644249,0,0,0
1781667900,924.95,925.15,900.15,914.8,903.8638971047862,896.514620585681,0,0,0
1781754300,916.5,933.95,915,924,907.891117683829,899.0132914415282,0,0,0
1781840700,922.65,923,907,918.15,909.9428941470632,900.7529922195711,0,0,0
1782099900,922,930,918.1,926.65,913.2843153176506,903.1072656541555,0,0,0
1782186300,926.65,968.6,905.85,910.75,912.7774522541205,903.802059685596,0,0,0
1782272700,910.75,939,906.1,937.85,917.7919618032964,906.8973269869055,0,0,0
1782359100,955,972,942.15,947.45,923.7235694426372,910.5839336244595,0,0,0
1782704700,947,955.9,931,939.55,926.8888555541098,913.2172123858722,0,0,0
1782791100,947,966,938.45,955.25,932.5610844432879,917.0383748962475,0,0,0
1782877500,964.25,995.1,954.3,992.3,944.5088675546303,923.8803408147705,0,0,0
1782963900,993.5,1014.6,991.1,1006.2,956.8470940437043,931.363946195246,0,0,0
1783050300,1015,1062,1015,1057,976.8776752349634,942.7854056320417,1,0,0
1783309500,1063.95,1098.7,1049.1,1095.9,1000.6821401879707,956.704914210947,0,0,0